Record Length,2500,Points,-1.2500001E-3,-3.00000000,
Sample Interval,1.000000E-6,s,-1.2490001E-3,-3.00000000,
Trigger Point,1.2500002E3,Samples,-1.2480001E-3,-3.00000000,
,,,-1.2470001E-3,-3.00000000,
,,,-1.2460001E-3,-2.96000004,
,,,-1.2450001E-3,-3.00000000,
Source,CH1,,-1.2440000E-3,-3.00000000,
Vertical Units,Volts,,-1.2430000E-3,-2.96000004,
Vertical Scale,999.999977648E-3,,-1.2420001E-3,-3.00000000,
Vertical Offset,0,,-1.2410001E-3,-2.96000004,
Horizontal Units,s,,-1.2400001E-3,-3.00000000,
Horizontal Scale,249.99999937E-6,,-1.2390001E-3,-3.00000000,
Pt Fmt,Y,,-1.2380001E-3,-3.00000000,
Yzero,0.0,,-1.2370001E-3,-3.00000000,
Probe Atten,1.000000,,-1.2360001E-3,-2.96000004,
,,,-1.2350001E-3,-2.96000004,
Note,TDS 2012B - 12:51:01 p. m.   30/07/2025,,-1.2340001E-3,-3.00000000,
,,,-1.2330001E-3,-3.00000000,
,,,-1.2320001E-3,-3.00000000,
,,,-1.2310001E-3,-3.00000000,
,,,-1.2300001E-3,-3.00000000,
,,,-1.2290000E-3,-3.00000000,
,,,-1.2280000E-3,-3.00000000,
,,,-1.2270001E-3,-3.00000000,
,,,-1.2260001E-3,-2.96000004,
,,,-1.2250001E-3,-2.96000004,
,,,-1.2240001E-3,-3.00000000,
,,,-1.2230001E-3,-3.00000000,
,,,-1.2220001E-3,-2.96000004,
,,,-1.2210001E-3,-2.96000004,
,,,-1.2200001E-3,-3.00000000,
,,,-1.2190001E-3,-3.00000000,
,,,-1.2180001E-3,-3.00000000,
,,,-1.2170001E-3,-3.00000000,
,,,-1.2160001E-3,-3.00000000,
,,,-1.2150001E-3,-2.96000004,
,,,-1.2140000E-3,-3.00000000,
,,,-1.2130000E-3,-3.00000000,
,,,-1.2120000E-3,-3.00000000,
,,,-1.2110001E-3,-3.00000000,
,,,-1.2100001E-3,-3.00000000,
,,,-1.2090001E-3,-3.00000000,
,,,-1.2080001E-3,-2.96000004,
,,,-1.2070001E-3,-3.00000000,
,,,-1.2060001E-3,-3.00000000,
,,,-1.2050001E-3,-3.00000000,
,,,-1.2040001E-3,-2.96000004,
,,,-1.2030001E-3,-3.00000000,
,,,-1.2020001E-3,-3.00000000,
,,,-1.2010001E-3,-3.00000000,
,,,-1.2000001E-3,2.96000004,
,,,-1.1990000E-3,3.00000000,
,,,-1.1980000E-3,3.00000000,
,,,-1.1970000E-3,3.00000000,
,,,-1.1960001E-3,3.00000000,
,,,-1.1950001E-3,3.03999996,
,,,-1.1940001E-3,3.03999996,
,,,-1.1930001E-3,3.03999996,
,,,-1.1920001E-3,3.07999992,
,,,-1.1910001E-3,3.03999996,
,,,-1.1900001E-3,3.07999992,
,,,-1.1890001E-3,3.07999992,
,,,-1.1880001E-3,3.07999992,
,,,-1.1870001E-3,3.07999992,
,,,-1.1860001E-3,3.07999992,
,,,-1.1850001E-3,3.07999992,
,,,-1.1840001E-3,3.07999992,
,,,-1.1830000E-3,3.07999992,
,,,-1.1820000E-3,3.07999992,
,,,-1.1810001E-3,3.07999992,
,,,-1.1800001E-3,3.07999992,
,,,-1.1790001E-3,3.07999992,
,,,-1.1780001E-3,3.11999989,
,,,-1.1770001E-3,3.07999992,
,,,-1.1760001E-3,3.07999992,
,,,-1.1750001E-3,3.07999992,
,,,-1.1740001E-3,3.07999992,
,,,-1.1730001E-3,3.07999992,
,,,-1.1720001E-3,3.11999989,
,,,-1.1710001E-3,3.07999992,
,,,-1.1700001E-3,3.11999989,
,,,-1.1690001E-3,3.07999992,
,,,-1.1680000E-3,3.07999992,
,,,-1.1670000E-3,3.07999992,
,,,-1.1660000E-3,3.11999989,
,,,-1.1650001E-3,3.07999992,
,,,-1.1640001E-3,3.11999989,
,,,-1.1630001E-3,3.11999989,
,,,-1.1620001E-3,3.07999992,
,,,-1.1610001E-3,3.07999992,
,,,-1.1600001E-3,3.11999989,
,,,-1.1590001E-3,3.11999989,
,,,-1.1580001E-3,3.11999989,
,,,-1.1570001E-3,3.07999992,
,,,-1.1560001E-3,3.11999989,
,,,-1.1550001E-3,3.07999992,
,,,-1.1540001E-3,3.07999992,
,,,-1.1530000E-3,3.11999989,
,,,-1.1520000E-3,3.07999992,
,,,-1.1510000E-3,3.11999989,
,,,-1.1500001E-3,3.11999989,
,,,-1.1490001E-3,3.11999989,
,,,-1.1480001E-3,3.11999989,
,,,-1.1470001E-3,3.11999989,
,,,-1.1460001E-3,3.11999989,
,,,-1.1450001E-3,3.11999989,
,,,-1.1440001E-3,3.11999989,
,,,-1.1430001E-3,3.11999989,
,,,-1.1420001E-3,3.07999992,
,,,-1.1410001E-3,3.11999989,
,,,-1.1400001E-3,3.07999992,
,,,-1.1390001E-3,3.11999989,
,,,-1.1380001E-3,3.07999992,
,,,-1.1370000E-3,3.11999989,
,,,-1.1360000E-3,3.11999989,
,,,-1.1350001E-3,3.11999989,
,,,-1.1340001E-3,3.07999992,
,,,-1.1330001E-3,3.11999989,
,,,-1.1320001E-3,3.11999989,
,,,-1.1310001E-3,3.11999989,
,,,-1.1300001E-3,3.11999989,
,,,-1.1290001E-3,3.11999989,
,,,-1.1280001E-3,3.11999989,
,,,-1.1270001E-3,3.11999989,
,,,-1.1260001E-3,3.11999989,
,,,-1.1250001E-3,3.11999989,
,,,-1.1240001E-3,3.07999992,
,,,-1.1230001E-3,3.11999989,
,,,-1.1220000E-3,3.11999989,
,,,-1.1210000E-3,3.11999989,
,,,-1.1200001E-3,3.11999989,
,,,-1.1190001E-3,3.11999989,
,,,-1.1180001E-3,3.11999989,
,,,-1.1170001E-3,3.11999989,
,,,-1.1160001E-3,3.11999989,
,,,-1.1150001E-3,3.11999989,
,,,-1.1140001E-3,3.11999989,
,,,-1.1130001E-3,3.11999989,
,,,-1.1120001E-3,3.07999992,
,,,-1.1110001E-3,3.11999989,
,,,-1.1100001E-3,3.11999989,
,,,-1.1090001E-3,3.11999989,
,,,-1.1080001E-3,3.11999989,
,,,-1.1070000E-3,3.07999992,
,,,-1.1060000E-3,3.11999989,
,,,-1.1050000E-3,3.11999989,
,,,-1.1040001E-3,3.11999989,
,,,-1.1030001E-3,3.11999989,
,,,-1.1020001E-3,3.11999989,
,,,-1.1010001E-3,3.11999989,
,,,-1.1000001E-3,3.11999989,
,,,-1.0990001E-3,3.11999989,
,,,-1.0980001E-3,3.11999989,
,,,-1.0970001E-3,3.11999989,
,,,-1.0960001E-3,3.11999989,
,,,-1.0950001E-3,3.07999992,
,,,-1.0940001E-3,3.11999989,
,,,-1.0930001E-3,3.11999989,
,,,-1.0920000E-3,3.07999992,
,,,-1.0910000E-3,3.11999989,
,,,-1.0900000E-3,3.11999989,
,,,-1.0890001E-3,3.11999989,
,,,-1.0880001E-3,3.07999992,
,,,-1.0870001E-3,3.11999989,
,,,-1.0860001E-3,3.11999989,
,,,-1.0850001E-3,3.11999989,
,,,-1.0840001E-3,3.11999989,
,,,-1.0830001E-3,3.07999992,
,,,-1.0820001E-3,3.11999989,
,,,-1.0810001E-3,3.11999989,
,,,-1.0800001E-3,-2.83999991,
,,,-1.0790001E-3,-2.83999991,
,,,-1.0780001E-3,-2.83999991,
,,,-1.0770001E-3,-2.87999988,
,,,-1.0760000E-3,-2.87999988,
,,,-1.0750000E-3,-2.91999984,
,,,-1.0740001E-3,-2.91999984,
,,,-1.0730001E-3,-2.91999984,
,,,-1.0720001E-3,-2.91999984,
,,,-1.0710001E-3,-2.91999984,
,,,-1.0700001E-3,-2.91999984,
,,,-1.0690001E-3,-2.91999984,
,,,-1.0680001E-3,-2.91999984,
,,,-1.0670001E-3,-2.91999984,
,,,-1.0660001E-3,-2.96000004,
,,,-1.0650001E-3,-2.96000004,
,,,-1.0640001E-3,-2.96000004,
,,,-1.0630001E-3,-2.96000004,
,,,-1.0620001E-3,-2.91999984,
,,,-1.0610000E-3,-2.91999984,
,,,-1.0600000E-3,-2.96000004,
,,,-1.0590000E-3,-2.96000004,
,,,-1.0580001E-3,-2.96000004,
,,,-1.0570001E-3,-2.96000004,
,,,-1.0560001E-3,-2.96000004,
,,,-1.0550001E-3,-2.96000004,
,,,-1.0540001E-3,-2.91999984,
,,,-1.0530001E-3,-2.96000004,
,,,-1.0520001E-3,-2.96000004,
,,,-1.0510001E-3,-2.96000004,
,,,-1.0500001E-3,-2.96000004,
,,,-1.0490001E-3,-2.96000004,
,,,-1.0480001E-3,-2.96000004,
,,,-1.0470001E-3,-2.96000004,
,,,-1.0460000E-3,-2.96000004,
,,,-1.0450000E-3,-2.96000004,
,,,-1.0440000E-3,-2.96000004,
,,,-1.0430001E-3,-2.96000004,
,,,-1.0420001E-3,-2.96000004,
,,,-1.0410001E-3,-2.96000004,
,,,-1.0400001E-3,-2.96000004,
,,,-1.0390001E-3,-2.96000004,
,,,-1.0380001E-3,-2.96000004,
,,,-1.0370001E-3,-2.96000004,
,,,-1.0360001E-3,-3.00000000,
,,,-1.0350001E-3,-2.96000004,
,,,-1.0340001E-3,-3.00000000,
,,,-1.0330001E-3,-2.96000004,
,,,-1.0320001E-3,-3.00000000,
,,,-1.0310001E-3,-2.96000004,
,,,-1.0300000E-3,-2.96000004,
,,,-1.0290000E-3,-2.96000004,
,,,-1.0280001E-3,-2.96000004,
,,,-1.0270001E-3,-2.96000004,
,,,-1.0260001E-3,-2.96000004,
,,,-1.0250001E-3,-2.96000004,
,,,-1.0240001E-3,-2.96000004,
,,,-1.0230001E-3,-2.96000004,
,,,-1.0220001E-3,-2.96000004,
,,,-1.0210001E-3,-2.96000004,
,,,-1.0200001E-3,-2.96000004,
,,,-1.0190001E-3,-2.96000004,
,,,-1.0180001E-3,-2.96000004,
,,,-1.0170001E-3,-3.00000000,
,,,-1.0160001E-3,-2.96000004,
,,,-1.0150000E-3,-3.00000000,
,,,-1.0140000E-3,-3.00000000,
,,,-1.0130001E-3,-3.00000000,
,,,-1.0120001E-3,-3.00000000,
,,,-1.0110001E-3,-3.00000000,
,,,-1.0100001E-3,-3.00000000,
,,,-1.0090001E-3,-3.00000000,
,,,-1.0080001E-3,-3.00000000,
,,,-1.0070001E-3,-3.00000000,
,,,-1.0060001E-3,-3.00000000,
,,,-1.0050001E-3,-2.96000004,
,,,-1.0040001E-3,-2.96000004,
,,,-1.0030001E-3,-2.96000004,
,,,-1.0020001E-3,-2.96000004,
,,,-1.0010001E-3,-2.96000004,
,,,-1.0000000E-3,-2.96000004,
,,,-999.000039883E-6,-3.00000000,
,,,-998.000032268E-6,-3.00000000,
,,,-997.000141069E-6,-2.96000004,
,,,-996.000133455E-6,-2.96000004,
,,,-995.000125840E-6,-3.00000000,
,,,-994.000118226E-6,-3.00000000,
,,,-993.000110611E-6,-3.00000000,
,,,-992.000102997E-6,-2.96000004,
,,,-991.000095382E-6,-3.00000000,
,,,-990.000087768E-6,-3.00000000,
,,,-989.000080153E-6,-3.00000000,
,,,-988.000072539E-6,-2.96000004,
,,,-987.000064924E-6,-3.00000000,
,,,-986.000057310E-6,-2.96000004,
,,,-985.000049695E-6,-3.00000000,
,,,-984.000042081E-6,-3.00000000,
,,,-983.000034466E-6,-3.00000000,
,,,-982.000143267E-6,-3.00000000,
,,,-981.000135653E-6,-3.00000000,
,,,-980.000128038E-6,-3.00000000,
,,,-979.000120424E-6,-3.00000000,
,,,-978.000112809E-6,-3.00000000,
,,,-977.000105195E-6,-2.96000004,
,,,-976.000097580E-6,-3.00000000,
,,,-975.000089966E-6,-3.00000000,
,,,-974.000082351E-6,-3.00000000,
,,,-973.000074737E-6,-3.00000000,
,,,-972.000067122E-6,-2.96000004,
,,,-971.000117715E-6,-3.00000000,
,,,-970.000110101E-6,-3.00000000,
,,,-969.000102486E-6,-3.00000000,
,,,-968.000094872E-6,-3.00000000,
,,,-967.000087257E-6,-3.00000000,
,,,-966.000079643E-6,-3.00000000,
,,,-965.000072028E-6,-3.00000000,
,,,-964.000064414E-6,-2.96000004,
,,,-963.000115007E-6,-3.00000000,
,,,-962.000107393E-6,-2.96000004,
,,,-961.000099778E-6,-3.00000000,
,,,-960.000092164E-6,-3.00000000,
,,,-959.000084549E-6,-2.96000004,
,,,-958.000076935E-6,-3.00000000,
,,,-957.000069320E-6,-3.00000000,
,,,-956.000061706E-6,-2.96000004,
,,,-955.000112299E-6,-2.96000004,
,,,-954.000104684E-6,-3.00000000,
,,,-953.000097070E-6,-3.00000000,
,,,-952.000089455E-6,-2.96000004,
,,,-951.000081841E-6,-3.00000000,
,,,-950.000074226E-6,-3.00000000,
,,,-949.000066612E-6,-3.00000000,
,,,-948.000117205E-6,-2.96000004,
,,,-947.000109591E-6,-2.96000004,
,,,-946.000101976E-6,-2.96000004,
,,,-945.000094362E-6,-3.00000000,
,,,-944.000086747E-6,-3.00000000,
,,,-943.000079133E-6,-3.00000000,
,,,-942.000071518E-6,-3.00000000,
,,,-941.000063904E-6,-3.00000000,
,,,-940.000114497E-6,-3.00000000,
,,,-939.000106882E-6,-2.96000004,
,,,-938.000099268E-6,-2.96000004,
,,,-937.000091653E-6,-3.00000000,
,,,-936.000084039E-6,-3.00000000,
,,,-935.000076424E-6,-3.00000000,
,,,-934.000068810E-6,-3.00000000,
,,,-933.000061195E-6,-2.96000004,
,,,-932.000111789E-6,-3.00000000,
,,,-931.000104174E-6,-3.00000000,
,,,-930.000096560E-6,-3.00000000,
,,,-929.000088945E-6,-3.00000000,
,,,-928.000081331E-6,-2.96000004,
,,,-927.000073716E-6,-3.00000000,
,,,-926.000066102E-6,-3.00000000,
,,,-925.000116695E-6,-2.96000004,
,,,-924.000109080E-6,-3.00000000,
,,,-923.000101466E-6,-2.96000004,
,,,-922.000093851E-6,-3.00000000,
,,,-921.000086237E-6,-3.00000000,
,,,-920.000078622E-6,-2.96000004,
,,,-919.000071008E-6,-3.00000000,
,,,-918.000063393E-6,-2.96000004,
,,,-917.000113986E-6,-3.00000000,
,,,-916.000106372E-6,-3.00000000,
,,,-915.000098757E-6,-3.00000000,
,,,-914.000091143E-6,-3.00000000,
,,,-913.000083528E-6,-3.00000000,
,,,-912.000075914E-6,-3.00000000,
,,,-911.000068299E-6,-3.00000000,
,,,-910.000060685E-6,-3.00000000,
,,,-909.000111278E-6,-3.00000000,
,,,-908.000103664E-6,-3.00000000,
,,,-907.000096049E-6,-2.96000004,
,,,-906.000088435E-6,-2.96000004,
,,,-905.000080820E-6,-3.00000000,
,,,-904.000073206E-6,-3.00000000,
,,,-903.000065591E-6,-3.00000000,
,,,-902.000116184E-6,-2.96000004,
,,,-901.000108570E-6,-3.00000000,
,,,-900.000100955E-6,-2.96000004,
,,,-899.000093341E-6,-2.96000004,
,,,-898.000085726E-6,-3.00000000,
,,,-897.000078112E-6,-2.96000004,
,,,-896.000070497E-6,-3.00000000,
,,,-895.000062883E-6,-2.96000004,
,,,-894.000113476E-6,-3.00000000,
,,,-893.000105862E-6,-3.00000000,
,,,-892.000098247E-6,-3.00000000,
,,,-891.000090633E-6,-3.00000000,
,,,-890.000083018E-6,-3.00000000,
,,,-889.000075404E-6,-3.00000000,
,,,-888.000067789E-6,-3.00000000,
,,,-887.000118382E-6,-3.00000000,
,,,-886.000110768E-6,-3.00000000,
,,,-885.000103153E-6,-3.00000000,
,,,-884.000095539E-6,-3.00000000,
,,,-883.000087924E-6,-3.00000000,
,,,-882.000080310E-6,-2.96000004,
,,,-881.000072695E-6,-3.00000000,
,,,-880.000065081E-6,-2.96000004,
,,,-879.000115674E-6,-3.00000000,
,,,-878.000108059E-6,-3.00000000,
,,,-877.000100445E-6,-3.00000000,
,,,-876.000092831E-6,-2.96000004,
,,,-875.000085216E-6,-2.96000004,
,,,-874.000077602E-6,-3.00000000,
,,,-873.000069987E-6,-2.96000004,
,,,-872.000062373E-6,-2.96000004,
,,,-871.000112966E-6,-3.00000000,
,,,-870.000105351E-6,-3.00000000,
,,,-869.000097737E-6,-3.00000000,
,,,-868.000090122E-6,-2.96000004,
,,,-867.000082508E-6,-2.96000004,
,,,-866.000074893E-6,-3.00000000,
,,,-865.000067279E-6,-3.00000000,
,,,-864.000117872E-6,-3.00000000,
,,,-863.000110257E-6,-3.00000000,
,,,-862.000102643E-6,-3.00000000,
,,,-861.000095028E-6,-3.00000000,
,,,-860.000087414E-6,-3.00000000,
,,,-859.000079799E-6,-3.00000000,
,,,-858.000072185E-6,-2.96000004,
,,,-857.000064570E-6,-2.96000004,
,,,-856.000115164E-6,-3.00000000,
,,,-855.000107549E-6,-2.96000004,
,,,-854.000099935E-6,-3.00000000,
,,,-853.000092320E-6,-3.00000000,
,,,-852.000084706E-6,-3.00000000,
,,,-851.000077091E-6,-2.96000004,
,,,-850.000069477E-6,-3.00000000,
,,,-849.000061862E-6,-3.00000000,
,,,-848.000112455E-6,-3.00000000,
,,,-847.000104841E-6,-3.00000000,
,,,-846.000097226E-6,-3.00000000,
,,,-845.000089612E-6,-3.00000000,
,,,-844.000081997E-6,-2.96000004,
,,,-843.000074383E-6,-3.00000000,
,,,-842.000066768E-6,-3.00000000,
,,,-841.000117362E-6,-3.00000000,
,,,-840.000109747E-6,-3.00000000,
,,,-839.000102133E-6,-2.96000004,
,,,-838.000094518E-6,-2.96000004,
,,,-837.000086904E-6,-3.00000000,
,,,-836.000079289E-6,-3.00000000,
,,,-835.000071675E-6,-3.00000000,
,,,-834.000064060E-6,-3.00000000,
,,,-833.000114653E-6,-3.00000000,
,,,-832.000107039E-6,-2.96000004,
,,,-831.000099424E-6,-3.00000000,
,,,-830.000091810E-6,-3.00000000,
,,,-829.000084195E-6,-3.00000000,
,,,-828.000076581E-6,-3.00000000,
,,,-827.000068966E-6,-3.00000000,
,,,-826.000061352E-6,-3.00000000,
,,,-825.000111945E-6,-3.00000000,
,,,-824.000104330E-6,-3.00000000,
,,,-823.000096716E-6,-3.00000000,
,,,-822.000089101E-6,-2.96000004,
,,,-821.000081487E-6,-2.96000004,
,,,-820.000073873E-6,-3.00000000,
,,,-819.000066258E-6,-2.96000004,
,,,-818.000116851E-6,-2.96000004,
,,,-817.000109237E-6,-2.96000004,
,,,-816.000101622E-6,-3.00000000,
,,,-815.000094008E-6,-3.00000000,
,,,-814.000086393E-6,-2.96000004,
,,,-813.000078779E-6,-3.00000000,
,,,-812.000071164E-6,-3.00000000,
,,,-811.000063550E-6,-3.00000000,
,,,-810.000114143E-6,-2.96000004,
,,,-809.000106528E-6,-3.00000000,
,,,-808.000098914E-6,-3.00000000,
,,,-807.000091299E-6,-3.00000000,
,,,-806.000083685E-6,-3.00000000,
,,,-805.000076070E-6,-3.00000000,
,,,-804.000068456E-6,-3.00000000,
,,,-803.000060841E-6,-3.00000000,
,,,-802.000111435E-6,-3.00000000,
,,,-801.000103820E-6,-3.00000000,
,,,-800.000096206E-6,2.96000004,
,,,-799.000088591E-6,3.00000000,
,,,-798.000080977E-6,3.00000000,
,,,-797.000073362E-6,3.00000000,
,,,-796.000065748E-6,3.00000000,
,,,-795.000116341E-6,3.03999996,
,,,-794.000108726E-6,3.03999996,
,,,-793.000101112E-6,3.03999996,
,,,-792.000093497E-6,3.07999992,
,,,-791.000085883E-6,3.03999996,
,,,-790.000078268E-6,3.03999996,
,,,-789.000070654E-6,3.07999992,
,,,-788.000063039E-6,3.07999992,
,,,-787.000113633E-6,3.07999992,
,,,-786.000106018E-6,3.07999992,
,,,-785.000098404E-6,3.07999992,
,,,-784.000090789E-6,3.07999992,
,,,-783.000083175E-6,3.07999992,
,,,-782.000075560E-6,3.07999992,
,,,-781.000067946E-6,3.11999989,
,,,-780.000118539E-6,3.07999992,
,,,-779.000110924E-6,3.07999992,
,,,-778.000103310E-6,3.07999992,
,,,-777.000095695E-6,3.07999992,
,,,-776.000088081E-6,3.07999992,
,,,-775.000080466E-6,3.07999992,
,,,-774.000072852E-6,3.07999992,
,,,-773.000065237E-6,3.07999992,
,,,-772.000115830E-6,3.07999992,
,,,-771.000108216E-6,3.11999989,
,,,-770.000100601E-6,3.07999992,
,,,-769.000092987E-6,3.07999992,
,,,-768.000085372E-6,3.07999992,
,,,-767.000077758E-6,3.11999989,
,,,-766.000070143E-6,3.11999989,
,,,-765.000062529E-6,3.07999992,
,,,-764.000113122E-6,3.07999992,
,,,-763.000105508E-6,3.07999992,
,,,-762.000097893E-6,3.07999992,
,,,-761.000090279E-6,3.11999989,
,,,-760.000082664E-6,3.07999992,
,,,-759.000075050E-6,3.07999992,
,,,-758.000067435E-6,3.07999992,
,,,-757.000118028E-6,3.11999989,
,,,-756.000110414E-6,3.07999992,
,,,-755.000102799E-6,3.07999992,
,,,-754.000095185E-6,3.07999992,
,,,-753.000087570E-6,3.11999989,
,,,-752.000079956E-6,3.11999989,
,,,-751.000072341E-6,3.11999989,
,,,-750.000064727E-6,3.07999992,
,,,-749.000115320E-6,3.11999989,
,,,-748.000107706E-6,3.07999992,
,,,-747.000100091E-6,3.07999992,
,,,-746.000092477E-6,3.11999989,
,,,-745.000084862E-6,3.11999989,
,,,-744.000077248E-6,3.11999989,
,,,-743.000069633E-6,3.07999992,
,,,-742.000062019E-6,3.11999989,
,,,-741.000112612E-6,3.11999989,
,,,-740.000104997E-6,3.07999992,
,,,-739.000097383E-6,3.11999989,
,,,-738.000089768E-6,3.11999989,
,,,-737.000082154E-6,3.11999989,
,,,-736.000074539E-6,3.07999992,
,,,-735.000066925E-6,3.11999989,
,,,-734.000117518E-6,3.11999989,
,,,-733.000109904E-6,3.11999989,
,,,-732.000102289E-6,3.11999989,
,,,-731.000094675E-6,3.11999989,
,,,-730.000087060E-6,3.07999992,
,,,-729.000079446E-6,3.07999992,
,,,-728.000071831E-6,3.11999989,
,,,-727.000064217E-6,3.07999992,
,,,-726.000114810E-6,3.11999989,
,,,-725.000107195E-6,3.11999989,
,,,-724.000099581E-6,3.11999989,
,,,-723.000091966E-6,3.07999992,
,,,-722.000084352E-6,3.11999989,
,,,-721.000076737E-6,3.11999989,
,,,-720.000069123E-6,3.11999989,
,,,-719.000061508E-6,3.11999989,
,,,-718.000112101E-6,3.11999989,
,,,-717.000104487E-6,3.11999989,
,,,-716.000096872E-6,3.11999989,
,,,-715.000089258E-6,3.11999989,
,,,-714.000081643E-6,3.11999989,
,,,-713.000074029E-6,3.11999989,
,,,-712.000066414E-6,3.11999989,
,,,-711.000117008E-6,3.07999992,
,,,-710.000109393E-6,3.11999989,
,,,-709.000101779E-6,3.11999989,
,,,-708.000094164E-6,3.11999989,
,,,-707.000086550E-6,3.11999989,
,,,-706.000078935E-6,3.11999989,
,,,-705.000071321E-6,3.11999989,
,,,-704.000063706E-6,3.11999989,
,,,-703.000114299E-6,3.11999989,
,,,-702.000106685E-6,3.11999989,
,,,-701.000099070E-6,3.11999989,
,,,-700.000091456E-6,3.11999989,
,,,-699.000083841E-6,3.11999989,
,,,-698.000076227E-6,3.07999992,
,,,-697.000068612E-6,3.11999989,
,,,-696.000060998E-6,3.11999989,
,,,-695.000111591E-6,3.11999989,
,,,-694.000103977E-6,3.07999992,
,,,-693.000096362E-6,3.11999989,
,,,-692.000088748E-6,3.11999989,
,,,-691.000081133E-6,3.11999989,
,,,-690.000073519E-6,3.11999989,
,,,-689.000065904E-6,3.11999989,
,,,-688.000116497E-6,3.11999989,
,,,-687.000108883E-6,3.11999989,
,,,-686.000101268E-6,3.11999989,
,,,-685.000093654E-6,3.11999989,
,,,-684.000086039E-6,3.11999989,
,,,-683.000078425E-6,3.11999989,
,,,-682.000070810E-6,3.11999989,
,,,-681.000063196E-6,3.11999989,
,,,-680.000113789E-6,-2.83999991,
,,,-679.000106174E-6,-2.87999988,
,,,-678.000098560E-6,-2.87999988,
,,,-677.000090946E-6,-2.87999988,
,,,-676.000083331E-6,-2.87999988,
,,,-675.000075717E-6,-2.87999988,
,,,-674.000068102E-6,-2.91999984,
,,,-673.000118695E-6,-2.91999984,
,,,-672.000111081E-6,-2.91999984,
,,,-671.000103466E-6,-2.91999984,
,,,-670.000095852E-6,-2.91999984,
,,,-669.000088237E-6,-2.91999984,
,,,-668.000080623E-6,-2.91999984,
,,,-667.000073008E-6,-2.91999984,
,,,-666.000065394E-6,-2.91999984,
,,,-665.000115987E-6,-2.91999984,
,,,-664.000108372E-6,-2.91999984,
,,,-663.000100758E-6,-2.96000004,
,,,-662.000093143E-6,-2.96000004,
,,,-661.000085529E-6,-2.96000004,
,,,-660.000077914E-6,-2.96000004,
,,,-659.000070300E-6,-2.96000004,
,,,-658.000062685E-6,-2.96000004,
,,,-657.000113279E-6,-2.96000004,
,,,-656.000105664E-6,-2.96000004,
,,,-655.000098050E-6,-2.96000004,
,,,-654.000090435E-6,-2.96000004,
,,,-653.000082821E-6,-2.96000004,
,,,-652.000075206E-6,-2.96000004,
,,,-651.000067592E-6,-2.96000004,
,,,-650.000118185E-6,-2.96000004,
,,,-649.000110570E-6,-2.96000004,
,,,-648.000102956E-6,-2.96000004,
,,,-647.000095341E-6,-2.96000004,
,,,-646.000087727E-6,-2.91999984,
,,,-645.000080112E-6,-3.00000000,
,,,-644.000072498E-6,-2.96000004,
,,,-643.000064883E-6,-2.96000004,
,,,-642.000115477E-6,-2.96000004,
,,,-641.000107862E-6,-2.96000004,
,,,-640.000100248E-6,-3.00000000,
,,,-639.000092633E-6,-2.96000004,
,,,-638.000085019E-6,-2.96000004,
,,,-637.000077404E-6,-3.00000000,
,,,-636.000069790E-6,-2.96000004,
,,,-635.000062175E-6,-2.96000004,
,,,-634.000112768E-6,-3.00000000,
,,,-633.000105154E-6,-2.96000004,
,,,-632.000097539E-6,-2.96000004,
,,,-631.000089925E-6,-3.00000000,
,,,-630.000082310E-6,-2.91999984,
,,,-629.000074696E-6,-2.96000004,
,,,-628.000067081E-6,-2.96000004,
,,,-627.000117674E-6,-2.96000004,
,,,-626.000110060E-6,-2.96000004,
,,,-625.000102445E-6,-2.96000004,
,,,-624.000094831E-6,-3.00000000,
,,,-623.000087216E-6,-3.00000000,
,,,-622.000079602E-6,-2.96000004,
,,,-621.000071988E-6,-2.96000004,
,,,-620.000064373E-6,-2.96000004,
,,,-619.000114966E-6,-3.00000000,
,,,-618.000107352E-6,-2.96000004,
,,,-617.000099737E-6,-2.96000004,
,,,-616.000092123E-6,-2.96000004,
,,,-615.000084508E-6,-3.00000000,
,,,-614.000076894E-6,-3.00000000,
,,,-613.000069279E-6,-2.96000004,
,,,-612.000061665E-6,-3.00000000,
,,,-611.000112258E-6,-2.96000004,
,,,-610.000104643E-6,-3.00000000,
,,,-609.000097029E-6,-2.96000004,
,,,-608.000089414E-6,-2.96000004,
,,,-607.000081800E-6,-2.96000004,
,,,-606.000074185E-6,-3.00000000,
,,,-605.000066571E-6,-2.96000004,
,,,-604.000117164E-6,-2.96000004,
,,,-603.000109550E-6,-2.96000004,
,,,-602.000101935E-6,-2.96000004,
,,,-601.000094321E-6,-3.00000000,
,,,-600.000086706E-6,-2.96000004,
,,,-599.000079092E-6,-3.00000000,
,,,-598.000071477E-6,-2.96000004,
,,,-597.000063863E-6,-3.00000000,
,,,-596.000114456E-6,-2.96000004,
,,,-595.000106841E-6,-3.00000000,
,,,-594.000099227E-6,-3.00000000,
,,,-593.000091612E-6,-3.00000000,
,,,-592.000083998E-6,-3.00000000,
,,,-591.000076383E-6,-3.00000000,
,,,-590.000068769E-6,-3.00000000,
,,,-589.000061154E-6,-3.00000000,
,,,-588.000111748E-6,-3.00000000,
,,,-587.000104133E-6,-3.00000000,
,,,-586.000096519E-6,-2.96000004,
,,,-585.000088904E-6,-2.96000004,
,,,-584.000081290E-6,-3.00000000,
,,,-583.000073675E-6,-2.96000004,
,,,-582.000066061E-6,-2.96000004,
,,,-581.000116654E-6,-2.96000004,
,,,-580.000109039E-6,-2.96000004,
,,,-579.000101425E-6,-3.00000000,
,,,-578.000093810E-6,-3.00000000,
,,,-577.000086196E-6,-3.00000000,
,,,-576.000078581E-6,-2.96000004,
,,,-575.000070967E-6,-3.00000000,
,,,-574.000063352E-6,-3.00000000,
,,,-573.000113945E-6,-2.96000004,
,,,-572.000106331E-6,-3.00000000,
,,,-571.000098716E-6,-2.96000004,
,,,-570.000091102E-6,-3.00000000,
,,,-569.000083487E-6,-3.00000000,
,,,-568.000075873E-6,-2.96000004,
,,,-567.000068258E-6,-3.00000000,
,,,-566.000118852E-6,-3.00000000,
,,,-565.000111237E-6,-3.00000000,
,,,-564.000103623E-6,-3.00000000,
,,,-563.000096008E-6,-3.00000000,
,,,-562.000088394E-6,-3.00000000,
,,,-561.000080779E-6,-2.96000004,
,,,-560.000073165E-6,-3.00000000,
,,,-559.000065550E-6,-2.96000004,
,,,-558.000116143E-6,-2.96000004,
,,,-557.000108529E-6,-3.00000000,
,,,-556.000100914E-6,-3.00000000,
,,,-555.000093300E-6,-3.00000000,
,,,-554.000085685E-6,-2.96000004,
,,,-553.000078071E-6,-2.96000004,
,,,-552.000070456E-6,-3.00000000,
,,,-551.000062842E-6,-2.96000004,
,,,-550.000113435E-6,-2.96000004,
,,,-549.000105821E-6,-3.00000000,
,,,-548.000098206E-6,-3.00000000,
,,,-547.000090592E-6,-3.00000000,
,,,-546.000082977E-6,-2.96000004,
,,,-545.000075363E-6,-3.00000000,
,,,-544.000067748E-6,-3.00000000,
,,,-543.000118341E-6,-3.00000000,
,,,-542.000110727E-6,-2.96000004,
,,,-541.000103112E-6,-3.00000000,
,,,-540.000095498E-6,-3.00000000,
,,,-539.000087883E-6,-3.00000000,
,,,-538.000080269E-6,-3.00000000,
,,,-537.000072654E-6,-3.00000000,
,,,-536.000065040E-6,-2.96000004,
,,,-535.000115633E-6,-3.00000000,
,,,-534.000108019E-6,-3.00000000,
,,,-533.000100404E-6,-3.00000000,
,,,-532.000092790E-6,-3.00000000,
,,,-531.000085175E-6,-3.00000000,
,,,-530.000077561E-6,-2.96000004,
,,,-529.000069946E-6,-3.00000000,
,,,-528.000062332E-6,-3.00000000,
,,,-527.000112925E-6,-3.00000000,
,,,-526.000105310E-6,-2.96000004,
,,,-525.000097696E-6,-3.00000000,
,,,-524.000090081E-6,-3.00000000,
,,,-523.000082467E-6,-3.00000000,
,,,-522.000074852E-6,-2.96000004,
,,,-521.000067238E-6,-3.00000000,
,,,-520.000117831E-6,-3.00000000,
,,,-519.000110216E-6,-3.00000000,
,,,-518.000102602E-6,-3.00000000,
,,,-517.000094987E-6,-3.00000000,
,,,-516.000087373E-6,-3.00000000,
,,,-515.000079758E-6,-3.00000000,
,,,-514.000072144E-6,-3.00000000,
,,,-513.000064529E-6,-2.96000004,
,,,-512.000115123E-6,-3.00000000,
,,,-511.000107508E-6,-3.00000000,
,,,-510.000099894E-6,-3.00000000,
,,,-509.000092279E-6,-2.96000004,
,,,-508.000084665E-6,-3.00000000,
,,,-507.000077050E-6,-3.00000000,
,,,-506.000069436E-6,-3.00000000,
,,,-505.000061821E-6,-3.00000000,
,,,-504.000112414E-6,-3.00000000,
,,,-503.000104800E-6,-3.00000000,
,,,-502.000097185E-6,-3.00000000,
,,,-501.000089571E-6,-3.00000000,
,,,-500.000081956E-6,-3.00000000,
,,,-499.000074342E-6,-3.00000000,
,,,-498.000066727E-6,-3.00000000,
,,,-497.000117321E-6,-3.00000000,
,,,-496.000109706E-6,-3.00000000,
,,,-495.000102092E-6,-3.00000000,
,,,-494.000094477E-6,-3.00000000,
,,,-493.000086863E-6,-2.96000004,
,,,-492.000079248E-6,-3.00000000,
,,,-491.000071634E-6,-3.00000000,
,,,-490.000064019E-6,-2.96000004,
,,,-489.000114612E-6,-2.96000004,
,,,-488.000077894E-6,-3.00000000,
,,,-487.000099383E-6,-3.00000000,
,,,-486.000091769E-6,-3.00000000,
,,,-485.000084154E-6,-3.00000000,
,,,-484.000076540E-6,-3.00000000,
,,,-483.000098029E-6,-3.00000000,
,,,-482.000090415E-6,-3.00000000,
,,,-481.000082800E-6,-2.96000004,
,,,-480.000104290E-6,-3.00000000,
,,,-479.000096675E-6,-3.00000000,
,,,-478.000089061E-6,-3.00000000,
,,,-477.000081446E-6,-3.00000000,
,,,-476.000102935E-6,-2.96000004,
,,,-475.000095321E-6,-2.96000004,
,,,-474.000087706E-6,-3.00000000,
,,,-473.000080092E-6,-3.00000000,
,,,-472.000101581E-6,-3.00000000,
,,,-471.000093967E-6,-2.96000004,
,,,-470.000086352E-6,-3.00000000,
,,,-469.000078738E-6,-3.00000000,
,,,-468.000100227E-6,-3.00000000,
,,,-467.000092613E-6,-3.00000000,
,,,-466.000084998E-6,-2.96000004,
,,,-465.000077384E-6,-3.00000000,
,,,-464.000098873E-6,-2.96000004,
,,,-463.000091258E-6,-3.00000000,
,,,-462.000083644E-6,-3.00000000,
,,,-461.000076029E-6,-2.96000004,
,,,-460.000097519E-6,-3.00000000,
,,,-459.000089904E-6,-3.00000000,
,,,-458.000082290E-6,-3.00000000,
,,,-457.000103779E-6,-3.00000000,
,,,-456.000096165E-6,-3.00000000,
,,,-455.000088550E-6,-3.00000000,
,,,-454.000080936E-6,-3.00000000,
,,,-453.000102425E-6,-2.96000004,
,,,-452.000094811E-6,-2.96000004,
,,,-451.000087196E-6,-2.96000004,
,,,-450.000079582E-6,-2.96000004,
,,,-449.000101071E-6,-3.00000000,
,,,-448.000093456E-6,-3.00000000,
,,,-447.000085842E-6,-2.96000004,
,,,-446.000078227E-6,-3.00000000,
,,,-445.000099717E-6,-3.00000000,
,,,-444.000092102E-6,-3.00000000,
,,,-443.000084488E-6,-3.00000000,
,,,-442.000076873E-6,-3.00000000,
,,,-441.000098363E-6,-2.96000004,
,,,-440.000090748E-6,-3.00000000,
,,,-439.000083134E-6,-2.96000004,
,,,-438.000104623E-6,-2.96000004,
,,,-437.000097008E-6,-3.00000000,
,,,-436.000089394E-6,-3.00000000,
,,,-435.000081779E-6,-2.96000004,
,,,-434.000103269E-6,-3.00000000,
,,,-433.000095654E-6,-3.00000000,
,,,-432.000088040E-6,-2.96000004,
,,,-431.000080425E-6,-2.96000004,
,,,-430.000101915E-6,-2.96000004,
,,,-429.000094300E-6,-3.00000000,
,,,-428.000086686E-6,-3.00000000,
,,,-427.000079071E-6,-3.00000000,
,,,-426.000100560E-6,-2.96000004,
,,,-425.000092946E-6,-3.00000000,
,,,-424.000085331E-6,-2.96000004,
,,,-423.000077717E-6,-3.00000000,
,,,-422.000099206E-6,-3.00000000,
,,,-421.000091592E-6,-3.00000000,
,,,-420.000083977E-6,-3.00000000,
,,,-419.000076363E-6,-3.00000000,
,,,-418.000097852E-6,-3.00000000,
,,,-417.000090238E-6,-3.00000000,
,,,-416.000082623E-6,-3.00000000,
,,,-415.000104113E-6,-3.00000000,
,,,-414.000096498E-6,-3.00000000,
,,,-413.000088884E-6,-3.00000000,
,,,-412.000081269E-6,-3.00000000,
,,,-411.000102758E-6,-3.00000000,
,,,-410.000095144E-6,-3.00000000,
,,,-409.000087529E-6,-3.00000000,
,,,-408.000079915E-6,-3.00000000,
,,,-407.000101404E-6,-3.00000000,
,,,-406.000093790E-6,-3.00000000,
,,,-405.000086175E-6,-2.96000004,
,,,-404.000078561E-6,-3.00000000,
,,,-403.00010005E-6,-3.00000000,
,,,-402.00009244E-6,-3.00000000,
,,,-401.00008482E-6,-2.96000004,
,,,-400.00007721E-6,2.96000004,
,,,-399.00009870E-6,3.00000000,
,,,-398.00009108E-6,3.00000000,
,,,-397.00008347E-6,3.00000000,
,,,-396.00010496E-6,3.03999996,
,,,-395.00009734E-6,3.03999996,
,,,-394.00008973E-6,3.03999996,
,,,-393.00008211E-6,3.03999996,
,,,-392.00010360E-6,3.07999992,
,,,-391.00009599E-6,3.07999992,
,,,-390.00008837E-6,3.03999996,
,,,-389.00008076E-6,3.03999996,
,,,-388.00010225E-6,3.07999992,
,,,-387.00009463E-6,3.07999992,
,,,-386.00008702E-6,3.07999992,
,,,-385.00007940E-6,3.07999992,
,,,-384.00010089E-6,3.07999992,
,,,-383.00009328E-6,3.07999992,
,,,-382.00008566E-6,3.07999992,
,,,-381.00007805E-6,3.07999992,
,,,-380.00009954E-6,3.07999992,
,,,-379.00009193E-6,3.07999992,
,,,-378.00008431E-6,3.07999992,
,,,-377.00007670E-6,3.07999992,
,,,-376.00009819E-6,3.07999992,
,,,-375.00009057E-6,3.07999992,
,,,-374.00008296E-6,3.07999992,
,,,-373.00010445E-6,3.07999992,
,,,-372.00009683E-6,3.07999992,
,,,-371.00008922E-6,3.11999989,
,,,-370.00008160E-6,3.07999992,
,,,-369.00010309E-6,3.07999992,
,,,-368.00009548E-6,3.07999992,
,,,-367.00008786E-6,3.07999992,
,,,-366.00008025E-6,3.07999992,
,,,-365.00010174E-6,3.11999989,
,,,-364.00009412E-6,3.07999992,
,,,-363.00008651E-6,3.07999992,
,,,-362.00007889E-6,3.07999992,
,,,-361.00010038E-6,3.11999989,
,,,-360.00009277E-6,3.11999989,
,,,-359.00008515E-6,3.07999992,
,,,-358.00007754E-6,3.07999992,
,,,-357.00009903E-6,3.11999989,
,,,-356.00009141E-6,3.11999989,
,,,-355.00008380E-6,3.07999992,
,,,-354.00007619E-6,3.11999989,
,,,-353.00009768E-6,3.07999992,
,,,-352.00009006E-6,3.11999989,
,,,-351.00008245E-6,3.07999992,
,,,-350.00010394E-6,3.11999989,
,,,-349.00009632E-6,3.11999989,
,,,-348.00008871E-6,3.11999989,
,,,-347.00008109E-6,3.11999989,
,,,-346.00010258E-6,3.07999992,
,,,-345.00009497E-6,3.11999989,
,,,-344.00008735E-6,3.07999992,
,,,-343.00007974E-6,3.11999989,
,,,-342.00010123E-6,3.11999989,
,,,-341.00009361E-6,3.11999989,
,,,-340.00008600E-6,3.07999992,
,,,-339.00007838E-6,3.11999989,
,,,-338.00009987E-6,3.07999992,
,,,-337.00009226E-6,3.11999989,
,,,-336.00008464E-6,3.11999989,
,,,-335.00007703E-6,3.11999989,
,,,-334.00009852E-6,3.11999989,
,,,-333.00009090E-6,3.11999989,
,,,-332.00008329E-6,3.11999989,
,,,-331.00010478E-6,3.07999992,
,,,-330.00009716E-6,3.07999992,
,,,-329.00008955E-6,3.11999989,
,,,-328.00008194E-6,3.11999989,
,,,-327.00010343E-6,3.11999989,
,,,-326.00009581E-6,3.11999989,
,,,-325.00008820E-6,3.07999992,
,,,-324.00008058E-6,3.11999989,
,,,-323.00010207E-6,3.11999989,
,,,-322.00009446E-6,3.11999989,
,,,-321.00008684E-6,3.11999989,
,,,-320.00007923E-6,3.07999992,
,,,-319.00010072E-6,3.11999989,
,,,-318.00009310E-6,3.11999989,
,,,-317.00008549E-6,3.11999989,
,,,-316.00007787E-6,3.11999989,
,,,-315.00009936E-6,3.11999989,
,,,-314.00009175E-6,3.11999989,
,,,-313.00008413E-6,3.11999989,
,,,-312.00007652E-6,3.11999989,
,,,-311.00009801E-6,3.11999989,
,,,-310.00009039E-6,3.11999989,
,,,-309.00008278E-6,3.11999989,
,,,-308.00010427E-6,3.11999989,
,,,-307.00009665E-6,3.11999989,
,,,-306.00008904E-6,3.11999989,
,,,-305.00008143E-6,3.11999989,
,,,-304.00010291E-6,3.11999989,
,,,-303.00009530E-6,3.11999989,
,,,-302.00008769E-6,3.07999992,
,,,-301.00008007E-6,3.11999989,
,,,-300.00010156E-6,3.11999989,
,,,-299.00009395E-6,3.11999989,
,,,-298.00008633E-6,3.11999989,
,,,-297.00007872E-6,3.11999989,
,,,-296.00010021E-6,3.07999992,
,,,-295.00009259E-6,3.11999989,
,,,-294.00008498E-6,3.11999989,
,,,-293.00007736E-6,3.11999989,
,,,-292.00009885E-6,3.11999989,
,,,-291.00009124E-6,3.11999989,
,,,-290.00008362E-6,3.11999989,
,,,-289.00010511E-6,3.11999989,
,,,-288.00009750E-6,3.11999989,
,,,-287.00008988E-6,3.07999992,
,,,-286.00008227E-6,3.11999989,
,,,-285.00010376E-6,3.11999989,
,,,-284.00009614E-6,3.11999989,
,,,-283.00008853E-6,3.11999989,
,,,-282.00008092E-6,3.11999989,
,,,-281.00010240E-6,3.07999992,
,,,-280.00009479E-6,-2.83999991,
,,,-279.00008718E-6,-2.83999991,
,,,-278.00007956E-6,-2.83999991,
,,,-277.00010105E-6,-2.87999988,
,,,-276.00009344E-6,-2.91999984,
,,,-275.00008582E-6,-2.91999984,
,,,-274.00007821E-6,-2.91999984,
,,,-273.00009970E-6,-2.91999984,
,,,-272.00009208E-6,-2.91999984,
,,,-271.00008447E-6,-2.91999984,
,,,-270.00007685E-6,-2.91999984,
,,,-269.00009834E-6,-2.91999984,
,,,-268.00009073E-6,-2.91999984,
,,,-267.00008311E-6,-2.91999984,
,,,-266.00010460E-6,-2.91999984,
,,,-265.00009699E-6,-2.91999984,
,,,-264.00008937E-6,-2.91999984,
,,,-263.00008176E-6,-2.96000004,
,,,-262.00010325E-6,-2.96000004,
,,,-261.00009563E-6,-2.91999984,
,,,-260.00008802E-6,-2.91999984,
,,,-259.00008040E-6,-2.96000004,
,,,-258.00010189E-6,-2.96000004,
,,,-257.00009428E-6,-2.96000004,
,,,-256.00008667E-6,-2.96000004,
,,,-255.00007905E-6,-2.96000004,
,,,-254.00010054E-6,-2.96000004,
,,,-253.00009293E-6,-2.96000004,
,,,-252.00008531E-6,-2.96000004,
,,,-251.00007770E-6,-2.96000004,
,,,-250.00009919E-6,-2.96000004,
,,,-249.00009157E-6,-2.96000004,
,,,-248.00008396E-6,-2.96000004,
,,,-247.00010545E-6,-2.96000004,
,,,-246.00009783E-6,-2.96000004,
,,,-245.00009022E-6,-2.96000004,
,,,-244.00009715E-6,-2.96000004,
,,,-243.00008954E-6,-2.96000004,
,,,-242.00009648E-6,-3.00000000,
,,,-241.00008886E-6,-2.96000004,
,,,-240.00009580E-6,-2.96000004,
,,,-239.00008819E-6,-2.96000004,
,,,-238.00009512E-6,-2.96000004,
,,,-237.00008751E-6,-2.96000004,
,,,-236.00009445E-6,-2.96000004,
,,,-235.00008683E-6,-2.96000004,
,,,-234.00009377E-6,-2.96000004,
,,,-233.00008615E-6,-2.96000004,
,,,-232.00009309E-6,-3.00000000,
,,,-231.00008548E-6,-2.96000004,
,,,-230.00009242E-6,-2.96000004,
,,,-229.00008480E-6,-3.00000000,
,,,-228.00009174E-6,-2.96000004,
,,,-227.00008412E-6,-2.96000004,
,,,-226.00009106E-6,-3.00000000,
,,,-225.00009800E-6,-2.96000004,
,,,-224.00009038E-6,-2.96000004,
,,,-223.00009732E-6,-2.96000004,
,,,-222.00008971E-6,-3.00000000,
,,,-221.00009664E-6,-3.00000000,
,,,-220.00008903E-6,-2.96000004,
,,,-219.00009597E-6,-3.00000000,
,,,-218.00008835E-6,-2.96000004,
,,,-217.00009529E-6,-2.96000004,
,,,-216.00008768E-6,-3.00000000,
,,,-215.00009461E-6,-2.96000004,
,,,-214.00008700E-6,-3.00000000,
,,,-213.00009394E-6,-3.00000000,
,,,-212.00008632E-6,-2.96000004,
,,,-211.00009326E-6,-3.00000000,
,,,-210.00008564E-6,-2.96000004,
,,,-209.00009258E-6,-3.00000000,
,,,-208.00008497E-6,-3.00000000,
,,,-207.00009190E-6,-2.96000004,
,,,-206.00008429E-6,-2.96000004,
,,,-205.00009123E-6,-3.00000000,
,,,-204.00009817E-6,-3.00000000,
,,,-203.00009055E-6,-3.00000000,
,,,-202.00009749E-6,-2.96000004,
,,,-201.00008987E-6,-3.00000000,
,,,-200.00009681E-6,-3.00000000,
,,,-199.00008920E-6,-3.00000000,
,,,-198.00009613E-6,-3.00000000,
,,,-197.00008852E-6,-3.00000000,
,,,-196.00009546E-6,-3.00000000,
,,,-195.00008784E-6,-2.96000004,
,,,-194.00009478E-6,-3.00000000,
,,,-193.00008717E-6,-3.00000000,
,,,-192.00009410E-6,-2.96000004,
,,,-191.00008649E-6,-3.00000000,
,,,-190.00009343E-6,-3.00000000,
,,,-189.00008581E-6,-3.00000000,
,,,-188.00009275E-6,-3.00000000,
,,,-187.00008513E-6,-3.00000000,
,,,-186.00009207E-6,-3.00000000,
,,,-185.00008446E-6,-3.00000000,
,,,-184.00009139E-6,-3.00000000,
,,,-183.00009833E-6,-2.96000004,
,,,-182.00009072E-6,-3.00000000,
,,,-181.00009765E-6,-2.96000004,
,,,-180.00009004E-6,-2.96000004,
,,,-179.00009698E-6,-3.00000000,
,,,-178.00008936E-6,-3.00000000,
,,,-177.00009630E-6,-3.00000000,
,,,-176.00008869E-6,-3.00000000,
,,,-175.00009562E-6,-3.00000000,
,,,-174.00008801E-6,-3.00000000,
,,,-173.00009495E-6,-2.96000004,
,,,-172.00008733E-6,-3.00000000,
,,,-171.00009427E-6,-2.96000004,
,,,-170.00008665E-6,-3.00000000,
,,,-169.00009359E-6,-3.00000000,
,,,-168.00008598E-6,-3.00000000,
,,,-167.00009292E-6,-2.96000004,
,,,-166.00008530E-6,-3.00000000,
,,,-165.00009224E-6,-3.00000000,
,,,-164.00008462E-6,-3.00000000,
,,,-163.00009156E-6,-2.96000004,
,,,-162.00009850E-6,-2.96000004,
,,,-161.00009088E-6,-3.00000000,
,,,-160.00009782E-6,-3.00000000,
,,,-159.00009021E-6,-2.96000004,
,,,-158.00009714E-6,-2.96000004,
,,,-157.00008953E-6,-3.00000000,
,,,-156.00009647E-6,-2.96000004,
,,,-155.00008885E-6,-2.96000004,
,,,-154.00009579E-6,-3.00000000,
,,,-153.00008818E-6,-3.00000000,
,,,-152.00009511E-6,-3.00000000,
,,,-151.00008750E-6,-2.96000004,
,,,-150.00009444E-6,-2.96000004,
,,,-149.00008682E-6,-2.96000004,
,,,-148.0000938E-6,-2.96000004,
,,,-147.0000861E-6,-2.96000004,
,,,-146.0000931E-6,-3.00000000,
,,,-145.0000855E-6,-3.00000000,
,,,-144.0000924E-6,-3.00000000,
,,,-143.0000848E-6,-3.00000000,
,,,-142.0000917E-6,-3.00000000,
,,,-141.0000841E-6,-3.00000000,
,,,-140.0000911E-6,-3.00000000,
,,,-139.0000980E-6,-3.00000000,
,,,-138.0000904E-6,-3.00000000,
,,,-137.0000973E-6,-3.00000000,
,,,-136.0000897E-6,-3.00000000,
,,,-135.0000966E-6,-2.96000004,
,,,-134.0000890E-6,-2.96000004,
,,,-133.0000960E-6,-3.00000000,
,,,-132.0000883E-6,-3.00000000,
,,,-131.0000953E-6,-2.96000004,
,,,-130.0000877E-6,-3.00000000,
,,,-129.0000946E-6,-2.96000004,
,,,-128.0000870E-6,-2.96000004,
,,,-127.0000939E-6,-2.96000004,
,,,-126.0000863E-6,-2.96000004,
,,,-125.0000932E-6,-3.00000000,
,,,-124.0000856E-6,-3.00000000,
,,,-123.0000926E-6,-2.96000004,
,,,-122.0000922E-6,-2.96000004,
,,,-121.0000919E-6,-3.00000000,
,,,-120.0000916E-6,-3.00000000,
,,,-119.0000912E-6,-2.96000004,
,,,-118.0000909E-6,-2.96000004,
,,,-117.0000905E-6,-3.00000000,
,,,-116.0000902E-6,-3.00000000,
,,,-115.0000899E-6,-3.00000000,
,,,-114.0000895E-6,-3.00000000,
,,,-113.0000892E-6,-3.00000000,
,,,-112.0000888E-6,-2.96000004,
,,,-111.0000885E-6,-3.00000000,
,,,-110.0000882E-6,-3.00000000,
,,,-109.0000878E-6,-3.00000000,
,,,-108.0000948E-6,-3.00000000,
,,,-107.0000944E-6,-2.96000004,
,,,-106.0000941E-6,-2.96000004,
,,,-105.0000938E-6,-3.00000000,
,,,-104.0000934E-6,-3.00000000,
,,,-103.0000931E-6,-2.96000004,
,,,-102.0000927E-6,-3.00000000,
,,,-101.0000924E-6,-2.96000004,
,,,-100.0000921E-6,-3.00000000,
,,,-99.000091723E-6,-2.96000004,
,,,-98.000091384E-6,-3.00000000,
,,,-97.000091046E-6,-3.00000000,
,,,-96.000090707E-6,-3.00000000,
,,,-95.000090369E-6,-2.96000004,
,,,-94.000090030E-6,-2.96000004,
,,,-93.000089691E-6,-3.00000000,
,,,-92.000089353E-6,-3.00000000,
,,,-91.000089014E-6,-3.00000000,
,,,-90.000088676E-6,-3.00000000,
,,,-89.000088337E-6,-3.00000000,
,,,-88.000087999E-6,-2.96000004,
,,,-87.000094936E-6,-3.00000000,
,,,-86.000094598E-6,-3.00000000,
,,,-85.000094259E-6,-3.00000000,
,,,-84.000093921E-6,-3.00000000,
,,,-83.000093582E-6,-3.00000000,
,,,-82.000093244E-6,-2.96000004,
,,,-81.000092905E-6,-3.00000000,
,,,-80.000092566E-6,-3.00000000,
,,,-79.000092228E-6,-3.00000000,
,,,-78.000091889E-6,-3.00000000,
,,,-77.000091551E-6,-2.96000004,
,,,-76.000091212E-6,-2.96000004,
,,,-75.000090874E-6,-3.00000000,
,,,-74.000090535E-6,-3.00000000,
,,,-73.000090197E-6,-2.96000004,
,,,-72.000089858E-6,-3.00000000,
,,,-71.000089520E-6,-3.00000000,
,,,-70.000089181E-6,-3.00000000,
,,,-69.000088843E-6,-3.00000000,
,,,-68.000088504E-6,-2.96000004,
,,,-67.000088166E-6,-2.96000004,
,,,-66.000095103E-6,-3.00000000,
,,,-65.000094764E-6,-2.96000004,
,,,-64.000094426E-6,-3.00000000,
,,,-63.000094087E-6,-2.96000004,
,,,-62.000093749E-6,-3.00000000,
,,,-61.000089772E-6,-2.96000004,
,,,-60.000093072E-6,-3.00000000,
,,,-59.000092733E-6,-3.00000000,
,,,-58.000092395E-6,-3.00000000,
,,,-57.000092056E-6,-2.96000004,
,,,-56.000091718E-6,-3.00000000,
,,,-55.000091379E-6,-3.00000000,
,,,-54.00009104E-6,-3.00000000,
,,,-53.00009070E-6,-3.00000000,
,,,-52.00009036E-6,-2.96000004,
,,,-51.00009002E-6,-3.00000000,
,,,-50.00008969E-6,-3.00000000,
,,,-49.00009299E-6,-3.00000000,
,,,-48.00009265E-6,-3.00000000,
,,,-47.00009231E-6,-3.00000000,
,,,-46.00009197E-6,-3.00000000,
,,,-45.00009163E-6,-3.00000000,
,,,-44.00009129E-6,-3.00000000,
,,,-43.00009095E-6,-3.00000000,
,,,-42.00009062E-6,-3.00000000,
,,,-41.00009028E-6,-2.96000004,
,,,-40.00008994E-6,-3.00000000,
,,,-39.00009324E-6,-3.00000000,
,,,-38.00009290E-6,-2.96000004,
,,,-37.00009256E-6,-3.00000000,
,,,-36.00009222E-6,-3.00000000,
,,,-35.00009188E-6,-2.96000004,
,,,-34.00009155E-6,-3.00000000,
,,,-33.00009121E-6,-3.00000000,
,,,-32.00009087E-6,-3.00000000,
,,,-31.00009053E-6,-3.00000000,
,,,-30.00009201E-6,-3.00000000,
,,,-29.00009167E-6,-3.00000000,
,,,-28.00009133E-6,-3.00000000,
,,,-27.00009099E-6,-3.00000000,
,,,-26.00009248E-6,-3.00000000,
,,,-25.00009214E-6,-3.00000000,
,,,-24.00009180E-6,-3.00000000,
,,,-23.00009146E-6,-3.00000000,
,,,-22.00009112E-6,-3.00000000,
,,,-21.00009078E-6,-3.00000000,
,,,-20.0000923E-6,-3.00000000,
,,,-19.0000919E-6,-3.00000000,
,,,-18.0000916E-6,-3.00000000,
,,,-17.0000912E-6,-3.00000000,
,,,-16.0000909E-6,-3.00000000,
,,,-15.0000915E-6,-3.00000000,
,,,-14.0000921E-6,-2.96000004,
,,,-13.0000917E-6,-3.00000000,
,,,-12.0000914E-6,-3.00000000,
,,,-11.0000919E-6,-3.00000000,
,,,-10.0000916E-6,-3.00000000,
,,,-9.000091268E-6,-3.00000000,
,,,-8.000091839E-6,-2.96000004,
,,,-7.00009150E-6,-3.00000000,
,,,-6.00009162E-6,-3.00000000,
,,,-5.00009173E-6,-3.00000000,
,,,-4.00009139E-6,-3.00000000,
,,,-3.00009151E-6,-3.00000000,
,,,-2.0000916E-6,-3.00000000,
,,,-1.0000916E-6,-3.00000000,
,,,-91.631590828E-12,2.96000004,
,,,999.908365884E-9,3.00000000,
,,,1.9999084E-6,3.00000000,
,,,2.99990825E-6,3.00000000,
,,,3.99990859E-6,3.00000000,
,,,4.99990847E-6,3.00000000,
,,,5.99990835E-6,3.03999996,
,,,6.99990824E-6,3.03999996,
,,,7.999908121E-6,3.07999992,
,,,8.999908459E-6,3.07999992,
,,,9.999908798E-6,3.07999992,
,,,10.9999082E-6,3.07999992,
,,,11.9999086E-6,3.07999992,
,,,12.9999080E-6,3.07999992,
,,,13.9999083E-6,3.07999992,
,,,14.9999087E-6,3.07999992,
,,,15.9999090E-6,3.07999992,
,,,16.9999075E-6,3.07999992,
,,,17.9999079E-6,3.07999992,
,,,18.9999082E-6,3.07999992,
,,,19.9999085E-6,3.07999992,
,,,20.99990888E-6,3.07999992,
,,,21.99990922E-6,3.07999992,
,,,22.99990774E-6,3.07999992,
,,,23.99990808E-6,3.07999992,
,,,24.99990842E-6,3.07999992,
,,,25.99990876E-6,3.07999992,
,,,26.99990910E-6,3.07999992,
,,,27.99990762E-6,3.07999992,
,,,28.99990795E-6,3.07999992,
,,,29.99990829E-6,3.07999992,
,,,30.99990863E-6,3.11999989,
,,,31.99990897E-6,3.11999989,
,,,32.99990931E-6,3.07999992,
,,,33.99990965E-6,3.07999992,
,,,34.99990999E-6,3.11999989,
,,,35.99990669E-6,3.07999992,
,,,36.99990702E-6,3.11999989,
,,,37.99990736E-6,3.07999992,
,,,38.99990770E-6,3.11999989,
,,,39.99990804E-6,3.07999992,
,,,40.99990838E-6,3.07999992,
,,,41.99990872E-6,3.07999992,
,,,42.99990906E-6,3.07999992,
,,,43.99990939E-6,3.11999989,
,,,44.99990973E-6,3.11999989,
,,,45.99990643E-6,3.07999992,
,,,46.99990677E-6,3.07999992,
,,,47.99990711E-6,3.11999989,
,,,48.99990745E-6,3.11999989,
,,,49.99990779E-6,3.07999992,
,,,50.99990813E-6,3.07999992,
,,,51.99990846E-6,3.07999992,
,,,52.99990880E-6,3.11999989,
,,,53.99990914E-6,3.11999989,
,,,54.999909480E-6,3.11999989,
,,,55.999909819E-6,3.07999992,
,,,56.999906519E-6,3.11999989,
,,,57.999906858E-6,3.11999989,
,,,58.999907196E-6,3.11999989,
,,,59.999907535E-6,3.07999992,
,,,60.999907873E-6,3.11999989,
,,,61.999904574E-6,3.11999989,
,,,62.999904912E-6,3.07999992,
,,,63.999905251E-6,3.11999989,
,,,64.999905590E-6,3.07999992,
,,,65.999905928E-6,3.11999989,
,,,66.999906267E-6,3.11999989,
,,,67.999906605E-6,3.11999989,
,,,68.999906944E-6,3.11999989,
,,,69.999907282E-6,3.11999989,
,,,70.999907621E-6,3.11999989,
,,,71.999907959E-6,3.11999989,
,,,72.999908298E-6,3.11999989,
,,,73.999908636E-6,3.11999989,
,,,74.999908975E-6,3.11999989,
,,,75.999909313E-6,3.07999992,
,,,76.999909652E-6,3.11999989,
,,,77.999909990E-6,3.11999989,
,,,78.999910329E-6,3.11999989,
,,,79.999910668E-6,3.07999992,
,,,80.999911006E-6,3.11999989,
,,,81.999911345E-6,3.11999989,
,,,82.999911683E-6,3.11999989,
,,,83.999904746E-6,3.11999989,
,,,84.999905084E-6,3.07999992,
,,,85.999905423E-6,3.11999989,
,,,86.999905761E-6,3.07999992,
,,,87.999906100E-6,3.07999992,
,,,88.999906438E-6,3.11999989,
,,,89.999906777E-6,3.11999989,
,,,90.999907115E-6,3.07999992,
,,,91.999907454E-6,3.11999989,
,,,92.999907793E-6,3.07999992,
,,,93.999908131E-6,3.11999989,
,,,94.999908470E-6,3.11999989,
,,,95.999908808E-6,3.11999989,
,,,96.999909147E-6,3.11999989,
,,,97.999909485E-6,3.11999989,
,,,98.999909824E-6,3.11999989,
,,,99.999910162E-6,3.11999989,
,,,100.9999105E-6,3.11999989,
,,,101.9999108E-6,3.11999989,
,,,102.9999112E-6,3.11999989,
,,,103.9999115E-6,3.11999989,
,,,104.9999046E-6,3.11999989,
,,,105.9999049E-6,3.11999989,
,,,106.9999053E-6,3.11999989,
,,,107.9999056E-6,3.11999989,
,,,108.9999059E-6,3.11999989,
,,,109.9999063E-6,3.11999989,
,,,110.9999066E-6,3.11999989,
,,,111.9999069E-6,3.11999989,
,,,112.9999073E-6,3.11999989,
,,,113.9999076E-6,3.07999992,
,,,114.9999080E-6,3.11999989,
,,,115.9999083E-6,3.11999989,
,,,116.9999086E-6,3.11999989,
,,,117.9999090E-6,3.07999992,
,,,118.9999093E-6,3.11999989,
,,,119.9999097E-6,-2.83999991,
,,,120.9999100E-6,-2.83999991,
,,,121.9999103E-6,-2.87999988,
,,,122.9999034E-6,-2.87999988,
,,,123.9999110E-6,-2.87999988,
,,,124.9999041E-6,-2.91999984,
,,,125.9999117E-6,-2.91999984,
,,,126.9999048E-6,-2.91999984,
,,,127.9999124E-6,-2.91999984,
,,,128.9999054E-6,-2.91999984,
,,,129.9999130E-6,-2.91999984,
,,,130.9999061E-6,-2.91999984,
,,,131.9999137E-6,-2.91999984,
,,,132.9999068E-6,-2.91999984,
,,,133.9999144E-6,-2.91999984,
,,,134.9999075E-6,-2.91999984,
,,,135.9999151E-6,-2.91999984,
,,,136.9999081E-6,-2.91999984,
,,,137.9999012E-6,-2.96000004,
,,,138.9999088E-6,-2.91999984,
,,,139.9999019E-6,-2.96000004,
,,,140.9999095E-6,-2.96000004,
,,,141.9999026E-6,-2.96000004,
,,,142.9999102E-6,-2.96000004,
,,,143.9999032E-6,-2.91999984,
,,,144.9999108E-6,-2.96000004,
,,,145.9999039E-6,-2.96000004,
,,,146.9999115E-6,-2.96000004,
,,,147.9999046E-6,-2.96000004,
,,,148.99991220E-6,-2.96000004,
,,,149.99990526E-6,-2.96000004,
,,,150.99991288E-6,-2.96000004,
,,,151.99990594E-6,-2.91999984,
,,,152.99991355E-6,-2.96000004,
,,,153.99990662E-6,-2.96000004,
,,,154.99991423E-6,-3.00000000,
,,,155.99990729E-6,-2.96000004,
,,,156.99991491E-6,-3.00000000,
,,,157.99990797E-6,-2.96000004,
,,,158.99990103E-6,-2.96000004,
,,,159.99990865E-6,-2.96000004,
,,,160.99990171E-6,-2.96000004,
,,,161.99990932E-6,-2.96000004,
,,,162.99990239E-6,-2.96000004,
,,,163.99991000E-6,-3.00000000,
,,,164.99990306E-6,-2.96000004,
,,,165.99991068E-6,-2.96000004,
,,,166.99990374E-6,-2.96000004,
,,,167.99991135E-6,-3.00000000,
,,,168.99990442E-6,-2.96000004,
,,,169.99991203E-6,-2.96000004,
,,,170.99990509E-6,-2.96000004,
,,,171.99991271E-6,-2.96000004,
,,,172.99990577E-6,-2.96000004,
,,,173.99991339E-6,-2.96000004,
,,,174.99990645E-6,-2.96000004,
,,,175.99991406E-6,-2.96000004,
,,,176.99990713E-6,-2.96000004,
,,,177.99991474E-6,-2.96000004,
,,,178.99990780E-6,-2.96000004,
,,,179.99990087E-6,-2.91999984,
,,,180.99990848E-6,-3.00000000,
,,,181.99990154E-6,-2.96000004,
,,,182.99990916E-6,-3.00000000,
,,,183.99990222E-6,-3.00000000,
,,,184.99990983E-6,-2.96000004,
,,,185.99990290E-6,-2.96000004,
,,,186.99991051E-6,-3.00000000,
,,,187.99990357E-6,-3.00000000,
,,,188.99991119E-6,-2.96000004,
,,,189.99990425E-6,-3.00000000,
,,,190.99991187E-6,-2.96000004,
,,,191.99990493E-6,-3.00000000,
,,,192.99991254E-6,-2.96000004,
,,,193.99990560E-6,-3.00000000,
,,,194.99991322E-6,-2.96000004,
,,,195.99990628E-6,-3.00000000,
,,,196.99991390E-6,-3.00000000,
,,,197.99990696E-6,-3.00000000,
,,,198.99991457E-6,-2.96000004,
,,,199.99990764E-6,-2.96000004,
,,,200.99990070E-6,-3.00000000,
,,,201.99990831E-6,-2.96000004,
,,,202.99990138E-6,-3.00000000,
,,,203.99990899E-6,-3.00000000,
,,,204.99990205E-6,-2.96000004,
,,,205.99990967E-6,-3.00000000,
,,,206.99990273E-6,-3.00000000,
,,,207.99991034E-6,-2.96000004,
,,,208.99990341E-6,-3.00000000,
,,,209.99991102E-6,-3.00000000,
,,,210.99990408E-6,-3.00000000,
,,,211.99991170E-6,-3.00000000,
,,,212.99990476E-6,-2.96000004,
,,,213.99991238E-6,-3.00000000,
,,,214.99990544E-6,-3.00000000,
,,,215.99991305E-6,-3.00000000,
,,,216.99990612E-6,-3.00000000,
,,,217.99991373E-6,-3.00000000,
,,,218.99990679E-6,-3.00000000,
,,,219.99991441E-6,-2.96000004,
,,,220.99990747E-6,-3.00000000,
,,,221.99991508E-6,-3.00000000,
,,,222.99990815E-6,-2.96000004,
,,,223.99990121E-6,-3.00000000,
,,,224.99990882E-6,-3.00000000,
,,,225.99990189E-6,-2.96000004,
,,,226.99990950E-6,-3.00000000,
,,,227.99990256E-6,-3.00000000,
,,,228.99991018E-6,-2.96000004,
,,,229.99990324E-6,-3.00000000,
,,,230.99991085E-6,-3.00000000,
,,,231.99990392E-6,-2.96000004,
,,,232.99991153E-6,-3.00000000,
,,,233.99990459E-6,-3.00000000,
,,,234.99991221E-6,-3.00000000,
,,,235.99990527E-6,-3.00000000,
,,,236.99991289E-6,-2.96000004,
,,,237.99990595E-6,-3.00000000,
,,,238.99991356E-6,-2.96000004,
,,,239.99990663E-6,-2.96000004,
,,,240.99991424E-6,-2.96000004,
,,,241.99990730E-6,-3.00000000,
,,,242.99991492E-6,-2.96000004,
,,,243.99990798E-6,-3.00000000,
,,,244.99991559E-6,-3.00000000,
,,,245.99989410E-6,-3.00000000,
,,,246.99990172E-6,-3.00000000,
,,,247.99990933E-6,-3.00000000,
,,,248.99991695E-6,-3.00000000,
,,,249.99989546E-6,-3.00000000,
,,,250.99990307E-6,-3.00000000,
,,,251.99991069E-6,-3.00000000,
,,,252.99991830E-6,-2.96000004,
,,,253.99989681E-6,-3.00000000,
,,,254.99990443E-6,-2.96000004,
,,,255.99991204E-6,-3.00000000,
,,,256.99991966E-6,-3.00000000,
,,,257.99989817E-6,-2.96000004,
,,,258.99990578E-6,-3.00000000,
,,,259.99991340E-6,-3.00000000,
,,,260.99992101E-6,-2.96000004,
,,,261.99989952E-6,-3.00000000,
,,,262.99990714E-6,-2.96000004,
,,,263.99991475E-6,-3.00000000,
,,,264.99989326E-6,-3.00000000,
,,,265.99990088E-6,-3.00000000,
,,,266.99990849E-6,-3.00000000,
,,,267.99991610E-6,-3.00000000,
,,,268.99989462E-6,-2.96000004,
,,,269.99990223E-6,-2.96000004,
,,,270.99990984E-6,-3.00000000,
,,,271.99991746E-6,-3.00000000,
,,,272.99989597E-6,-3.00000000,
,,,273.99990358E-6,-2.96000004,
,,,274.99991120E-6,-3.00000000,
,,,275.99991881E-6,-3.00000000,
,,,276.99989732E-6,-3.00000000,
,,,277.99990494E-6,-2.96000004,
,,,278.99991255E-6,-2.96000004,
,,,279.99992017E-6,-3.00000000,
,,,280.99989868E-6,-3.00000000,
,,,281.99990629E-6,-3.00000000,
,,,282.99991391E-6,-3.00000000,
,,,283.99992152E-6,-2.96000004,
,,,284.99990003E-6,-2.96000004,
,,,285.99990765E-6,-2.96000004,
,,,286.99991526E-6,-2.96000004,
,,,287.99989377E-6,-3.00000000,
,,,288.99990139E-6,-2.96000004,
,,,289.99990900E-6,-2.96000004,
,,,290.99991661E-6,-3.00000000,
,,,291.99989513E-6,-2.96000004,
,,,292.99990274E-6,-3.00000000,
,,,293.99991035E-6,-2.96000004,
,,,294.99991797E-6,-3.00000000,
,,,295.99989648E-6,-3.00000000,
,,,296.99990409E-6,-2.96000004,
,,,297.99991171E-6,-3.00000000,
,,,298.99991932E-6,-2.96000004,
,,,299.99989783E-6,-2.96000004,
,,,300.99990545E-6,-3.00000000,
,,,301.99991306E-6,-2.96000004,
,,,302.99992068E-6,-3.00000000,
,,,303.99989919E-6,-3.00000000,
,,,304.99990680E-6,-3.00000000,
,,,305.99991442E-6,-2.96000004,
,,,306.99992203E-6,-3.00000000,
,,,307.99990054E-6,-2.96000004,
,,,308.99990816E-6,-3.00000000,
,,,309.99991577E-6,-3.00000000,
,,,310.99989428E-6,-3.00000000,
,,,311.99990190E-6,-3.00000000,
,,,312.99990951E-6,-3.00000000,
,,,313.99991713E-6,-3.00000000,
,,,314.99989564E-6,-3.00000000,
,,,315.99990325E-6,-3.00000000,
,,,316.99991086E-6,-3.00000000,
,,,317.99991848E-6,-3.00000000,
,,,318.99989699E-6,-2.96000004,
,,,319.99990460E-6,-3.00000000,
,,,320.99991222E-6,-3.00000000,
,,,321.99991983E-6,-3.00000000,
,,,322.99989834E-6,-2.96000004,
,,,323.99990596E-6,-3.00000000,
,,,324.99991357E-6,-2.96000004,
,,,325.99992119E-6,-3.00000000,
,,,326.99989970E-6,-2.96000004,
,,,327.99990731E-6,-2.96000004,
,,,328.99991493E-6,-2.96000004,
,,,329.99989344E-6,-3.00000000,
,,,330.99990105E-6,-3.00000000,
,,,331.99990867E-6,-3.00000000,
,,,332.99991628E-6,-3.00000000,
,,,333.99989479E-6,-2.96000004,
,,,334.99990241E-6,-3.00000000,
,,,335.99991002E-6,-3.00000000,
,,,336.99991764E-6,-3.00000000,
,,,337.99989615E-6,-3.00000000,
,,,338.99990376E-6,-3.00000000,
,,,339.99991138E-6,-2.96000004,
,,,340.99991899E-6,-3.00000000,
,,,341.99989750E-6,-3.00000000,
,,,342.99990511E-6,-3.00000000,
,,,343.99991273E-6,-3.00000000,
,,,344.99992034E-6,-3.00000000,
,,,345.99989885E-6,-3.00000000,
,,,346.99990647E-6,-3.00000000,
,,,347.99991408E-6,-3.00000000,
,,,348.99992170E-6,-3.00000000,
,,,349.99990021E-6,-3.00000000,
,,,350.99990782E-6,-2.96000004,
,,,351.99991544E-6,-3.00000000,
,,,352.99989395E-6,-3.00000000,
,,,353.99990156E-6,-3.00000000,
,,,354.99990918E-6,-2.96000004,
,,,355.99991679E-6,-3.00000000,
,,,356.99989530E-6,-3.00000000,
,,,357.99990292E-6,-3.00000000,
,,,358.99991053E-6,-3.00000000,
,,,359.99991815E-6,-2.96000004,
,,,360.99989666E-6,-3.00000000,
,,,361.99990427E-6,-3.00000000,
,,,362.99991189E-6,-3.00000000,
,,,363.99991950E-6,-3.00000000,
,,,364.99989801E-6,-3.00000000,
,,,365.99990563E-6,-2.96000004,
,,,366.99991324E-6,-2.96000004,
,,,367.99992085E-6,-3.00000000,
,,,368.99989937E-6,-3.00000000,
,,,369.99990698E-6,-2.96000004,
,,,370.99991459E-6,-2.96000004,
,,,371.99989310E-6,-2.96000004,
,,,372.99990072E-6,-3.00000000,
,,,373.99990833E-6,-3.00000000,
,,,374.99991595E-6,-2.96000004,
,,,375.99989446E-6,-3.00000000,
,,,376.99990207E-6,-3.00000000,
,,,377.99990969E-6,-2.96000004,
,,,378.99991730E-6,-3.00000000,
,,,379.99989581E-6,-3.00000000,
,,,380.99990343E-6,-3.00000000,
,,,381.99991104E-6,-3.00000000,
,,,382.99991866E-6,-3.00000000,
,,,383.99989717E-6,-3.00000000,
,,,384.99990478E-6,-3.00000000,
,,,385.99991240E-6,-3.00000000,
,,,386.99992001E-6,-3.00000000,
,,,387.99989852E-6,-3.00000000,
,,,388.99990614E-6,-2.96000004,
,,,389.99991375E-6,-2.96000004,
,,,390.99992136E-6,-2.96000004,
,,,391.99989988E-6,-3.00000000,
,,,392.99990749E-6,-3.00000000,
,,,393.99991510E-6,-3.00000000,
,,,394.99989362E-6,-3.00000000,
,,,395.99990123E-6,-2.96000004,
,,,396.99990884E-6,-3.00000000,
,,,397.99991646E-6,-3.00000000,
,,,398.99989497E-6,-3.00000000,
,,,399.99990258E-6,2.96000004,
,,,400.99991020E-6,3.00000000,
,,,401.99991781E-6,3.00000000,
,,,402.99989632E-6,3.00000000,
,,,403.999903938E-6,3.00000000,
,,,404.999911552E-6,3.03999996,
,,,405.999919167E-6,3.03999996,
,,,406.999897677E-6,3.03999996,
,,,407.999905292E-6,3.03999996,
,,,408.999912906E-6,3.03999996,
,,,409.999920521E-6,3.07999992,
,,,410.999899032E-6,3.03999996,
,,,411.999906646E-6,3.07999992,
,,,412.999914261E-6,3.07999992,
,,,413.999892771E-6,3.07999992,
,,,414.999900386E-6,3.07999992,
,,,415.999908000E-6,3.07999992,
,,,416.999915615E-6,3.07999992,
,,,417.999894125E-6,3.07999992,
,,,418.999901740E-6,3.07999992,
,,,419.999909354E-6,3.07999992,
,,,420.999916969E-6,3.07999992,
,,,421.999895480E-6,3.07999992,
,,,422.999903094E-6,3.07999992,
,,,423.999910709E-6,3.07999992,
,,,424.999918323E-6,3.07999992,
,,,425.999896834E-6,3.07999992,
,,,426.999904448E-6,3.07999992,
,,,427.999912063E-6,3.07999992,
,,,428.999919677E-6,3.11999989,
,,,429.999898188E-6,3.11999989,
,,,430.999905802E-6,3.11999989,
,,,431.999913417E-6,3.11999989,
,,,432.999921031E-6,3.07999992,
,,,433.999899542E-6,3.07999992,
,,,434.999907156E-6,3.11999989,
,,,435.999914771E-6,3.07999992,
,,,436.999893282E-6,3.07999992,
,,,437.999900896E-6,3.07999992,
,,,438.999908511E-6,3.07999992,
,,,439.999916125E-6,3.07999992,
,,,440.999894636E-6,3.07999992,
,,,441.999902250E-6,3.07999992,
,,,442.999909865E-6,3.07999992,
,,,443.999917479E-6,3.11999989,
,,,444.999895990E-6,3.11999989,
,,,445.999903604E-6,3.11999989,
,,,446.999911219E-6,3.07999992,
,,,447.999918833E-6,3.11999989,
,,,448.999897344E-6,3.07999992,
,,,449.999904959E-6,3.11999989,
,,,450.999912573E-6,3.11999989,
,,,451.999920188E-6,3.11999989,
,,,452.999898698E-6,3.07999992,
,,,453.999906313E-6,3.11999989,
,,,454.999913927E-6,3.11999989,
,,,455.999921542E-6,3.11999989,
,,,456.999900052E-6,3.11999989,
,,,457.999907667E-6,3.11999989,
,,,458.999915281E-6,3.11999989,
,,,459.999893792E-6,3.07999992,
,,,460.999901406E-6,3.11999989,
,,,461.999909021E-6,3.11999989,
,,,462.999916635E-6,3.11999989,
,,,463.999895146E-6,3.07999992,
,,,464.999902761E-6,3.07999992,
,,,465.999910375E-6,3.07999992,
,,,466.999917990E-6,3.11999989,
,,,467.999896500E-6,3.11999989,
,,,468.999904115E-6,3.11999989,
,,,469.999911729E-6,3.11999989,
,,,470.999919344E-6,3.11999989,
,,,471.999897854E-6,3.11999989,
,,,472.999905469E-6,3.11999989,
,,,473.999913083E-6,3.11999989,
,,,474.999920698E-6,3.11999989,
,,,475.999899209E-6,3.11999989,
,,,476.999906823E-6,3.07999992,
,,,477.999914438E-6,3.11999989,
,,,478.999892948E-6,3.11999989,
,,,479.999900563E-6,3.11999989,
,,,480.999908177E-6,3.11999989,
,,,481.999915792E-6,3.11999989,
,,,482.999894302E-6,3.11999989,
,,,483.999901917E-6,3.11999989,
,,,484.999909531E-6,3.11999989,
,,,485.999917146E-6,3.11999989,
,,,486.999895656E-6,3.07999992,
,,,487.999903271E-6,3.11999989,
,,,488.999881782E-6,3.07999992,
,,,489.999889396E-6,3.11999989,
,,,490.999897011E-6,3.11999989,
,,,491.999904625E-6,3.11999989,
,,,492.999912240E-6,3.11999989,
,,,493.999919854E-6,3.11999989,
,,,494.999927469E-6,3.11999989,
,,,495.999935083E-6,3.11999989,
,,,496.999884490E-6,3.11999989,
,,,497.999892104E-6,3.11999989,
,,,498.999899719E-6,3.11999989,
,,,499.999907333E-6,3.07999992,
,,,500.999914948E-6,3.11999989,
,,,501.999922562E-6,3.11999989,
,,,502.999930177E-6,3.11999989,
,,,503.999879584E-6,3.11999989,
,,,504.999887198E-6,3.11999989,
,,,505.999894813E-6,3.11999989,
,,,506.999902427E-6,3.11999989,
,,,507.999910042E-6,3.11999989,
,,,508.999917656E-6,3.11999989,
,,,509.999925271E-6,3.11999989,
,,,510.999932885E-6,3.07999992,
,,,511.999882292E-6,3.11999989,
,,,512.999889906E-6,3.11999989,
,,,513.999897521E-6,3.11999989,
,,,514.999905135E-6,3.11999989,
,,,515.999912750E-6,3.07999992,
,,,516.999920364E-6,3.11999989,
,,,517.999927979E-6,3.11999989,
,,,518.999935593E-6,3.11999989,
,,,519.999885000E-6,-2.83999991,
,,,520.999892615E-6,-2.83999991,
,,,521.999900229E-6,-2.83999991,
,,,522.999907844E-6,-2.87999988,
,,,523.999915458E-6,-2.87999988,
,,,524.999923073E-6,-2.87999988,
,,,525.999930687E-6,-2.91999984,
,,,526.999880094E-6,-2.91999984,
,,,527.999887709E-6,-2.91999984,
,,,528.999895323E-6,-2.91999984,
,,,529.999902938E-6,-2.91999984,
,,,530.999910552E-6,-2.91999984,
,,,531.999918167E-6,-2.91999984,
,,,532.999925781E-6,-2.91999984,
,,,533.999933396E-6,-2.91999984,
,,,534.999882802E-6,-2.96000004,
,,,535.999890417E-6,-2.96000004,
,,,536.999898031E-6,-2.96000004,
,,,537.999905646E-6,-2.96000004,
,,,538.999913260E-6,-2.96000004,
,,,539.999920875E-6,-2.91999984,
,,,540.999928489E-6,-2.96000004,
,,,541.999936104E-6,-2.96000004,
,,,542.999885511E-6,-2.96000004,
,,,543.999893125E-6,-2.96000004,
,,,544.999900740E-6,-2.96000004,
,,,545.999908354E-6,-2.96000004,
,,,546.999915969E-6,-2.96000004,
,,,547.999923583E-6,-2.96000004,
,,,548.999931198E-6,-3.00000000,
,,,549.999880604E-6,-2.96000004,
,,,550.999888219E-6,-2.96000004,
,,,551.999895833E-6,-2.96000004,
,,,552.999903448E-6,-2.96000004,
,,,553.999911062E-6,-2.96000004,
,,,554.999918677E-6,-3.00000000,
,,,555.999926291E-6,-2.96000004,
,,,556.999933906E-6,-2.96000004,
,,,557.999883313E-6,-2.96000004,
,,,558.999890927E-6,-2.96000004,
,,,559.999898542E-6,-2.96000004,
,,,560.999906156E-6,-2.96000004,
,,,561.999913771E-6,-3.00000000,
,,,562.999921385E-6,-3.00000000,
,,,563.999929000E-6,-2.96000004,
,,,564.999878407E-6,-3.00000000,
,,,565.999886021E-6,-2.96000004,
,,,566.999893636E-6,-2.96000004,
,,,567.999901250E-6,-2.96000004,
,,,568.999908864E-6,-2.96000004,
,,,569.999916479E-6,-3.00000000,
,,,570.999924093E-6,-2.96000004,
,,,571.999931708E-6,-2.96000004,
,,,572.999881115E-6,-3.00000000,
,,,573.999888729E-6,-2.96000004,
,,,574.999896344E-6,-2.96000004,
,,,575.999903958E-6,-2.96000004,
,,,576.999911573E-6,-2.96000004,
,,,577.999919187E-6,-2.96000004,
,,,578.999926802E-6,-2.96000004,
,,,579.999934416E-6,-2.96000004,
,,,580.999883823E-6,-3.00000000,
,,,581.999891438E-6,-2.96000004,
,,,582.999899052E-6,-2.96000004,
,,,583.999906667E-6,-3.00000000,
,,,584.999914281E-6,-2.96000004,
,,,585.999921896E-6,-2.96000004,
,,,586.999929510E-6,-2.96000004,
,,,587.999878917E-6,-2.96000004,
,,,588.999886531E-6,-3.00000000,
,,,589.999894146E-6,-2.96000004,
,,,590.999901760E-6,-3.00000000,
,,,591.999909375E-6,-3.00000000,
,,,592.999916989E-6,-2.96000004,
,,,593.999924604E-6,-2.96000004,
,,,594.999932218E-6,-2.96000004,
,,,595.999881625E-6,-3.00000000,
,,,596.999889240E-6,-2.96000004,
,,,597.999896854E-6,-3.00000000,
,,,598.999904469E-6,-2.96000004,
,,,599.999912083E-6,-2.96000004,
,,,600.999919698E-6,-3.00000000,
,,,601.999927312E-6,-3.00000000,
,,,602.999934927E-6,-3.00000000,
,,,603.999884333E-6,-3.00000000,
,,,604.999891948E-6,-3.00000000,
,,,605.999899562E-6,-3.00000000,
,,,606.999907177E-6,-2.96000004,
,,,607.999914791E-6,-2.96000004,
,,,608.999922406E-6,-2.96000004,
,,,609.999930020E-6,-2.96000004,
,,,610.999879427E-6,-3.00000000,
,,,611.999887042E-6,-3.00000000,
,,,612.999894656E-6,-2.96000004,
,,,613.999902271E-6,-3.00000000,
,,,614.999909885E-6,-2.96000004,
,,,615.999917500E-6,-2.96000004,
,,,616.999925114E-6,-3.00000000,
,,,617.999932729E-6,-2.96000004,
,,,618.999882136E-6,-2.96000004,
,,,619.999889750E-6,-3.00000000,
,,,620.999897365E-6,-2.96000004,
,,,621.999904979E-6,-3.00000000,
,,,622.999912594E-6,-2.96000004,
,,,623.999920208E-6,-3.00000000,
,,,624.999927823E-6,-2.96000004,
,,,625.999935437E-6,-2.96000004,
,,,626.999884844E-6,-3.00000000,
,,,627.999892458E-6,-2.96000004,
,,,628.999900073E-6,-2.96000004,
,,,629.999907687E-6,-3.00000000,
,,,630.999915302E-6,-2.96000004,
,,,631.999922916E-6,-3.00000000,
,,,632.999930531E-6,-2.96000004,
,,,633.999879938E-6,-2.96000004,
,,,634.999887552E-6,-2.96000004,
,,,635.999895167E-6,-2.96000004,
,,,636.999902781E-6,-3.00000000,
,,,637.999910396E-6,-2.96000004,
,,,638.999918010E-6,-3.00000000,
,,,639.999925625E-6,-3.00000000,
,,,640.999933239E-6,-3.00000000,
,,,641.999882646E-6,-3.00000000,
,,,642.999890260E-6,-3.00000000,
,,,643.999897875E-6,-3.00000000,
,,,644.999905489E-6,-3.00000000,
,,,645.999913104E-6,-3.00000000,
,,,646.999920718E-6,-3.00000000,
,,,647.999928333E-6,-3.00000000,
,,,648.999877740E-6,-3.00000000,
,,,649.999885354E-6,-2.96000004,
,,,650.999892969E-6,-2.96000004,
,,,651.999900583E-6,-3.00000000,
,,,652.999908198E-6,-3.00000000,
,,,653.999915812E-6,-3.00000000,
,,,654.999923427E-6,-3.00000000,
,,,655.999931041E-6,-3.00000000,
,,,656.999880448E-6,-2.96000004,
,,,657.999888062E-6,-2.96000004,
,,,658.999895677E-6,-3.00000000,
,,,659.999903291E-6,-3.00000000,
,,,660.999910906E-6,-2.96000004,
,,,661.999918520E-6,-3.00000000,
,,,662.999926135E-6,-2.96000004,
,,,663.999933749E-6,-3.00000000,
,,,664.999883156E-6,-3.00000000,
,,,665.999890771E-6,-3.00000000,
,,,666.999898385E-6,-2.96000004,
,,,667.999906000E-6,-3.00000000,
,,,668.999913614E-6,-3.00000000,
,,,669.999921229E-6,-2.96000004,
,,,670.999928843E-6,-2.96000004,
,,,671.999878250E-6,-3.00000000,
,,,672.999885865E-6,-3.00000000,
,,,673.999893479E-6,-3.00000000,
,,,674.999901094E-6,-2.96000004,
,,,675.999908708E-6,-3.00000000,
,,,676.999916323E-6,-3.00000000,
,,,677.999923937E-6,-2.96000004,
,,,678.999931552E-6,-3.00000000,
,,,679.999880958E-6,-3.00000000,
,,,680.999888573E-6,-3.00000000,
,,,681.999896187E-6,-3.00000000,
,,,682.999903802E-6,-3.00000000,
,,,683.999911416E-6,-3.00000000,
,,,684.999919031E-6,-3.00000000,
,,,685.999926645E-6,-3.00000000,
,,,686.999934260E-6,-2.96000004,
,,,687.999883667E-6,-3.00000000,
,,,688.999891281E-6,-3.00000000,
,,,689.999898896E-6,-2.96000004,
,,,690.999906510E-6,-3.00000000,
,,,691.999914125E-6,-3.00000000,
,,,692.999921739E-6,-3.00000000,
,,,693.999929354E-6,-3.00000000,
,,,694.999878760E-6,-2.96000004,
,,,695.999886375E-6,-3.00000000,
,,,696.999893989E-6,-3.00000000,
,,,697.999901604E-6,-3.00000000,
,,,698.999909218E-6,-3.00000000,
,,,699.999916833E-6,-3.00000000,
,,,700.999924447E-6,-2.96000004,
,,,701.999932062E-6,-2.96000004,
,,,702.999881469E-6,-2.96000004,
,,,703.999889083E-6,-2.96000004,
,,,704.999896698E-6,-3.00000000,
,,,705.999904312E-6,-3.00000000,
,,,706.999911927E-6,-2.96000004,
,,,707.999919541E-6,-2.96000004,
,,,708.999927156E-6,-3.00000000,
,,,709.999934770E-6,-3.00000000,
,,,710.999884177E-6,-3.00000000,
,,,711.999891791E-6,-3.00000000,
,,,712.999899406E-6,-2.96000004,
,,,713.999907020E-6,-3.00000000,
,,,714.999914635E-6,-2.96000004,
,,,715.999922249E-6,-3.00000000,
,,,716.999929864E-6,-2.96000004,
,,,717.999879271E-6,-3.00000000,
,,,718.999886885E-6,-2.96000004,
,,,719.999894500E-6,-3.00000000,
,,,720.999902114E-6,-2.96000004,
,,,721.999909729E-6,-3.00000000,
,,,722.999917343E-6,-2.96000004,
,,,723.999924958E-6,-2.96000004,
,,,724.999932572E-6,-2.96000004,
,,,725.999881979E-6,-2.96000004,
,,,726.999889594E-6,-3.00000000,
,,,727.999897208E-6,-3.00000000,
,,,728.999904823E-6,-2.96000004,
,,,729.999912437E-6,-2.96000004,
,,,730.999920052E-6,-3.00000000,
,,,731.999927666E-6,-3.00000000,
,,,732.999935281E-6,-3.00000000,
,,,733.999884687E-6,-3.00000000,
,,,734.999892302E-6,-3.00000000,
,,,735.999899916E-6,-3.00000000,
,,,736.999907531E-6,-3.00000000,
,,,737.999915145E-6,-3.00000000,
,,,738.999922760E-6,-2.96000004,
,,,739.999930374E-6,-3.00000000,
,,,740.999879781E-6,-3.00000000,
,,,741.999887396E-6,-3.00000000,
,,,742.999895010E-6,-3.00000000,
,,,743.999902625E-6,-2.96000004,
,,,744.999910239E-6,-2.96000004,
,,,745.999917854E-6,-3.00000000,
,,,746.999925468E-6,-3.00000000,
,,,747.999933083E-6,-2.96000004,
,,,748.999882489E-6,-3.00000000,
,,,749.999890104E-6,-2.96000004,
,,,750.999897718E-6,-3.00000000,
,,,751.999905333E-6,-2.96000004,
,,,752.999912947E-6,-2.96000004,
,,,753.999920562E-6,-3.00000000,
,,,754.999928176E-6,-2.96000004,
,,,755.999877583E-6,-3.00000000,
,,,756.999885198E-6,-3.00000000,
,,,757.999892812E-6,-2.96000004,
,,,758.999900427E-6,-2.96000004,
,,,759.999908041E-6,-3.00000000,
,,,760.999915656E-6,-3.00000000,
,,,761.999923270E-6,-3.00000000,
,,,762.999930885E-6,-3.00000000,
,,,763.999880292E-6,-3.00000000,
,,,764.999887906E-6,-3.00000000,
,,,765.999895521E-6,-2.96000004,
,,,766.999903135E-6,-2.96000004,
,,,767.999910749E-6,-3.00000000,
,,,768.999918364E-6,-3.00000000,
,,,769.999925978E-6,-3.00000000,
,,,770.999933593E-6,-3.00000000,
,,,771.999883000E-6,-3.00000000,
,,,772.999890614E-6,-2.96000004,
,,,773.999898229E-6,-3.00000000,
,,,774.999905843E-6,-3.00000000,
,,,775.999913458E-6,-2.96000004,
,,,776.999921072E-6,-3.00000000,
,,,777.999928687E-6,-2.96000004,
,,,778.999878094E-6,-3.00000000,
,,,779.999885708E-6,-3.00000000,
,,,780.999893323E-6,-2.96000004,
,,,781.999900937E-6,-2.96000004,
,,,782.999908552E-6,-3.00000000,
,,,783.999916166E-6,-3.00000000,
,,,784.999923781E-6,-2.96000004,
,,,785.999931395E-6,-2.96000004,
,,,786.999880802E-6,-3.00000000,
,,,787.999888416E-6,-2.96000004,
,,,788.999896031E-6,-3.00000000,
,,,789.999903645E-6,-3.00000000,
,,,790.999911260E-6,-3.00000000,
,,,791.999918874E-6,-3.00000000,
,,,792.999926489E-6,-3.00000000,
,,,793.999934103E-6,-3.00000000,
,,,794.999883510E-6,-3.00000000,
,,,795.999891125E-6,-2.96000004,
,,,796.999898739E-6,-3.00000000,
,,,797.999906354E-6,-3.00000000,
,,,798.999913968E-6,-2.96000004,
,,,799.999921583E-6,3.00000000,
,,,800.999929197E-6,2.96000004,
,,,801.999878604E-6,3.00000000,
,,,802.999886218E-6,3.00000000,
,,,803.999893833E-6,3.03999996,
,,,804.999901447E-6,3.03999996,
,,,805.999909062E-6,3.03999996,
,,,806.999916676E-6,3.03999996,
,,,807.999924291E-6,3.03999996,
,,,808.999931905E-6,3.03999996,
,,,809.999881312E-6,3.07999992,
,,,810.999888927E-6,3.07999992,
,,,811.999896541E-6,3.07999992,
,,,812.999904156E-6,3.07999992,
,,,813.999911770E-6,3.07999992,
,,,814.999919385E-6,3.07999992,
,,,815.999926999E-6,3.07999992,
,,,816.999934614E-6,3.07999992,
,,,817.999884021E-6,3.07999992,
,,,818.999891635E-6,3.07999992,
,,,819.999899250E-6,3.11999989,
,,,820.999906864E-6,3.07999992,
,,,821.999914479E-6,3.07999992,
,,,822.999922093E-6,3.07999992,
,,,823.999929707E-6,3.07999992,
,,,824.999879114E-6,3.07999992,
,,,825.999886729E-6,3.07999992,
,,,826.999894343E-6,3.07999992,
,,,827.999901958E-6,3.07999992,
,,,828.999909572E-6,3.07999992,
,,,829.999917187E-6,3.07999992,
,,,830.999924801E-6,3.07999992,
,,,831.999932416E-6,3.07999992,
,,,832.999881823E-6,3.07999992,
,,,833.999889437E-6,3.11999989,
,,,834.999897052E-6,3.11999989,
,,,835.999904666E-6,3.07999992,
,,,836.999912281E-6,3.07999992,
,,,837.999919895E-6,3.07999992,
,,,838.999927510E-6,3.07999992,
,,,839.999935124E-6,3.11999989,
,,,840.999884531E-6,3.11999989,
,,,841.999892145E-6,3.07999992,
,,,842.999899760E-6,3.07999992,
,,,843.999907374E-6,3.11999989,
,,,844.999914989E-6,3.11999989,
,,,845.999922603E-6,3.07999992,
,,,846.999930218E-6,3.11999989,
,,,847.999879625E-6,3.07999992,
,,,848.999887239E-6,3.11999989,
,,,849.999894854E-6,3.07999992,
,,,850.999902468E-6,3.11999989,
,,,851.999910083E-6,3.07999992,
,,,852.999917697E-6,3.11999989,
,,,853.999925312E-6,3.11999989,
,,,854.999932926E-6,3.07999992,
,,,855.999882333E-6,3.07999992,
,,,856.999889947E-6,3.11999989,
,,,857.999897562E-6,3.11999989,
,,,858.999905176E-6,3.11999989,
,,,859.999912791E-6,3.11999989,
,,,860.999920405E-6,3.11999989,
,,,861.999928020E-6,3.11999989,
,,,862.999877427E-6,3.11999989,
,,,863.999885041E-6,3.11999989,
,,,864.999892656E-6,3.11999989,
,,,865.999900270E-6,3.11999989,
,,,866.999907885E-6,3.11999989,
,,,867.999915499E-6,3.11999989,
,,,868.999923114E-6,3.07999992,
,,,869.999930728E-6,3.11999989,
,,,870.999880135E-6,3.11999989,
,,,871.999887750E-6,3.07999992,
,,,872.999895364E-6,3.07999992,
,,,873.999902979E-6,3.11999989,
,,,874.999910593E-6,3.11999989,
,,,875.999918208E-6,3.11999989,
,,,876.999925822E-6,3.11999989,
,,,877.999933437E-6,3.11999989,
,,,878.999882843E-6,3.11999989,
,,,879.999890458E-6,3.11999989,
,,,880.999898072E-6,3.11999989,
,,,881.999905687E-6,3.11999989,
,,,882.999913301E-6,3.11999989,
,,,883.999920916E-6,3.11999989,
,,,884.999928530E-6,3.11999989,
,,,885.999877937E-6,3.11999989,
,,,886.999885552E-6,3.11999989,
,,,887.999893166E-6,3.11999989,
,,,888.999900781E-6,3.07999992,
,,,889.999908395E-6,3.11999989,
,,,890.999916010E-6,3.07999992,
,,,891.999923624E-6,3.11999989,
,,,892.999931239E-6,3.11999989,
,,,893.999880645E-6,3.11999989,
,,,894.999888260E-6,3.11999989,
,,,895.999895874E-6,3.07999992,
,,,896.999903489E-6,3.11999989,
,,,897.999911103E-6,3.11999989,
,,,898.999918718E-6,3.11999989,
,,,899.999926332E-6,3.11999989,
,,,900.999933947E-6,3.07999992,
,,,901.999883354E-6,3.11999989,
,,,902.999890968E-6,3.11999989,
,,,903.999898583E-6,3.11999989,
,,,904.999906197E-6,3.07999992,
,,,905.999913812E-6,3.11999989,
,,,906.999921426E-6,3.11999989,
,,,907.999929041E-6,3.11999989,
,,,908.999878448E-6,3.11999989,
,,,909.999886062E-6,3.11999989,
,,,910.999893676E-6,3.11999989,
,,,911.999901291E-6,3.11999989,
,,,912.999908905E-6,3.11999989,
,,,913.999916520E-6,3.07999992,
,,,914.999924134E-6,3.07999992,
,,,915.999931749E-6,3.11999989,
,,,916.999881156E-6,3.07999992,
,,,917.999888770E-6,3.11999989,
,,,918.999896385E-6,3.11999989,
,,,919.999903999E-6,-2.83999991,
,,,920.999911614E-6,-2.83999991,
,,,921.999919228E-6,-2.83999991,
,,,922.999926843E-6,-2.87999988,
,,,923.999934457E-6,-2.91999984,
,,,924.999883864E-6,-2.91999984,
,,,925.999891479E-6,-2.91999984,
,,,926.999899093E-6,-2.91999984,
,,,927.999906708E-6,-2.91999984,
,,,928.999914322E-6,-2.91999984,
,,,929.999921937E-6,-2.91999984,
,,,930.999929551E-6,-2.96000004,
,,,931.999878958E-6,-2.91999984,
,,,932.999886572E-6,-2.91999984,
,,,933.999894187E-6,-2.96000004,
,,,934.999901801E-6,-2.96000004,
,,,935.999909416E-6,-2.96000004,
,,,936.999917030E-6,-2.91999984,
,,,937.999924645E-6,-2.96000004,
,,,938.999932259E-6,-2.96000004,
,,,939.999881666E-6,-2.96000004,
,,,940.999889281E-6,-2.91999984,
,,,941.999896895E-6,-2.96000004,
,,,942.999904510E-6,-2.96000004,
,,,943.999912124E-6,-2.96000004,
,,,944.999919739E-6,-2.96000004,
,,,945.999927353E-6,-2.96000004,
,,,946.999934968E-6,-2.96000004,
,,,947.999884374E-6,-2.96000004,
,,,948.999891989E-6,-2.96000004,
,,,949.999899603E-6,-2.96000004,
,,,950.999907218E-6,-2.96000004,
,,,951.999914832E-6,-2.96000004,
,,,952.999922447E-6,-2.96000004,
,,,953.999930061E-6,-2.96000004,
,,,954.999879468E-6,-2.96000004,
,,,955.999887083E-6,-2.96000004,
,,,956.999894697E-6,-3.00000000,
,,,957.999902312E-6,-2.96000004,
,,,958.999909926E-6,-2.96000004,
,,,959.999917541E-6,-2.96000004,
,,,960.999925155E-6,-3.00000000,
,,,961.999932770E-6,-2.96000004,
,,,962.999882177E-6,-2.96000004,
,,,963.999889791E-6,-2.96000004,
,,,964.999897406E-6,-2.96000004,
,,,965.999905020E-6,-3.00000000,
,,,966.999912634E-6,-2.96000004,
,,,967.999920249E-6,-3.00000000,
,,,968.999927863E-6,-2.96000004,
,,,969.999877270E-6,-2.96000004,
,,,970.999884885E-6,-2.96000004,
,,,971.999892499E-6,-2.96000004,
,,,972.999900114E-6,-2.96000004,
,,,973.999907728E-6,-2.96000004,
,,,974.999915343E-6,-2.96000004,
,,,975.999922957E-6,-2.96000004,
,,,976.999872364E-6,-2.96000004,
,,,977.999879979E-6,-2.96000004,
,,,978.999887593E-6,-2.96000004,
,,,979.999895208E-6,-3.00000000,
,,,980.999902822E-6,-2.96000004,
,,,981.999910437E-6,-3.00000000,
,,,982.999918051E-6,-3.00000000,
,,,983.999925666E-6,-2.96000004,
,,,984.999933280E-6,-2.96000004,
,,,985.999940895E-6,-3.00000000,
,,,986.999948509E-6,-3.00000000,
,,,987.999956124E-6,-3.00000000,
,,,988.999963738E-6,-3.00000000,
,,,989.999854937E-6,-3.00000000,
,,,990.999862552E-6,-3.00000000,
,,,991.999870166E-6,-3.00000000,
,,,992.999877781E-6,-3.00000000,
,,,993.999885395E-6,-3.00000000,
,,,994.999893010E-6,-2.96000004,
,,,995.999900624E-6,-3.00000000,
,,,996.999908239E-6,-3.00000000,
,,,997.999915853E-6,-2.96000004,
,,,998.999923468E-6,-3.00000000,
,,,999.999931082E-6,-3.00000000,
,,,1.0009999E-3,-2.96000004,
,,,1.0019999E-3,-2.96000004,
,,,1.0030000E-3,-2.96000004,
,,,1.0040000E-3,-3.00000000,
,,,1.0049999E-3,-3.00000000,
,,,1.0059999E-3,-2.96000004,
,,,1.0069999E-3,-3.00000000,
,,,1.0079999E-3,-2.96000004,
,,,1.0089999E-3,-3.00000000,
,,,1.0099999E-3,-3.00000000,
,,,1.0109999E-3,-3.00000000,
,,,1.0119999E-3,-2.96000004,
,,,1.0129999E-3,-3.00000000,
,,,1.0139999E-3,-3.00000000,
,,,1.0149999E-3,-3.00000000,
,,,1.0159999E-3,-3.00000000,
,,,1.0169999E-3,-3.00000000,
,,,1.0180000E-3,-2.96000004,
,,,1.0190000E-3,-3.00000000,
,,,1.0199999E-3,-2.96000004,
,,,1.0209999E-3,-2.96000004,
,,,1.0219999E-3,-3.00000000,
,,,1.0229999E-3,-3.00000000,
,,,1.0239999E-3,-3.00000000,
,,,1.0249999E-3,-3.00000000,
,,,1.0259999E-3,-3.00000000,
,,,1.0269999E-3,-2.96000004,
,,,1.0279999E-3,-3.00000000,
,,,1.0289999E-3,-2.96000004,
,,,1.0299999E-3,-2.96000004,
,,,1.0309999E-3,-3.00000000,
,,,1.0319999E-3,-3.00000000,
,,,1.0329999E-3,-2.96000004,
,,,1.0340000E-3,-2.96000004,
,,,1.0349998E-3,-2.96000004,
,,,1.0359999E-3,-3.00000000,
,,,1.0369999E-3,-3.00000000,
,,,1.0379999E-3,-3.00000000,
,,,1.0389999E-3,-3.00000000,
,,,1.0399999E-3,-2.96000004,
,,,1.0409999E-3,-3.00000000,
,,,1.0419999E-3,-3.00000000,
,,,1.0429999E-3,-3.00000000,
,,,1.0439999E-3,-3.00000000,
,,,1.0449999E-3,-3.00000000,
,,,1.0459999E-3,-2.96000004,
,,,1.0469999E-3,-3.00000000,
,,,1.0479999E-3,-3.00000000,
,,,1.0490000E-3,-3.00000000,
,,,1.0500000E-3,-3.00000000,
,,,1.0509999E-3,-3.00000000,
,,,1.0519999E-3,-2.96000004,
,,,1.0529999E-3,-3.00000000,
,,,1.0539999E-3,-3.00000000,
,,,1.0549999E-3,-3.00000000,
,,,1.0559999E-3,-2.96000004,
,,,1.0569999E-3,-3.00000000,
,,,1.0579999E-3,-3.00000000,
,,,1.0589999E-3,-2.96000004,
,,,1.0599999E-3,-3.00000000,
,,,1.0609999E-3,-3.00000000,
,,,1.0619999E-3,-3.00000000,
,,,1.0629999E-3,-3.00000000,
,,,1.0640000E-3,-2.96000004,
,,,1.0650000E-3,-3.00000000,
,,,1.0659999E-3,-3.00000000,
,,,1.0669999E-3,-3.00000000,
,,,1.0679999E-3,-3.00000000,
,,,1.0689999E-3,-3.00000000,
,,,1.0699999E-3,-3.00000000,
,,,1.0709999E-3,-2.96000004,
,,,1.0719999E-3,-3.00000000,
,,,1.0729999E-3,-3.00000000,
,,,1.0739999E-3,-3.00000000,
,,,1.0749999E-3,-2.96000004,
,,,1.0759999E-3,-2.96000004,
,,,1.0769999E-3,-3.00000000,
,,,1.0779999E-3,-3.00000000,
,,,1.0790000E-3,-2.96000004,
,,,1.0800000E-3,-2.96000004,
,,,1.0809998E-3,-3.00000000,
,,,1.0819999E-3,-3.00000000,
,,,1.0829999E-3,-3.00000000,
,,,1.0839999E-3,-2.96000004,
,,,1.0849999E-3,-3.00000000,
,,,1.0859999E-3,-3.00000000,
,,,1.0869999E-3,-3.00000000,
,,,1.0879999E-3,-2.96000004,
,,,1.0889999E-3,-3.00000000,
,,,1.0899999E-3,-3.00000000,
,,,1.0909999E-3,-3.00000000,
,,,1.0919999E-3,-2.96000004,
,,,1.0929999E-3,-2.96000004,
,,,1.0939999E-3,-3.00000000,
,,,1.0950000E-3,-3.00000000,
,,,1.0960000E-3,-2.96000004,
,,,1.0969999E-3,-3.00000000,
,,,1.0979999E-3,-3.00000000,
,,,1.0989999E-3,-3.00000000,
,,,1.0999999E-3,-3.00000000,
,,,1.1009999E-3,-2.96000004,
,,,1.1019999E-3,-3.00000000,
,,,1.1029999E-3,-3.00000000,
,,,1.1039999E-3,-2.96000004,
,,,1.1049999E-3,-3.00000000,
,,,1.1059999E-3,-3.00000000,
,,,1.1069999E-3,-3.00000000,
,,,1.1079999E-3,-2.96000004,
,,,1.1089999E-3,-3.00000000,
,,,1.1100000E-3,-2.96000004,
,,,1.1110000E-3,-3.00000000,
,,,1.1119999E-3,-3.00000000,
,,,1.1129999E-3,-2.96000004,
,,,1.1139999E-3,-3.00000000,
,,,1.1149999E-3,-2.96000004,
,,,1.1159999E-3,-2.96000004,
,,,1.1169999E-3,-3.00000000,
,,,1.1179999E-3,-3.00000000,
,,,1.1189999E-3,-2.96000004,
,,,1.1199999E-3,-2.96000004,
,,,1.1209999E-3,-3.00000000,
,,,1.1219999E-3,-3.00000000,
,,,1.1229999E-3,-3.00000000,
,,,1.1239999E-3,-3.00000000,
,,,1.1250000E-3,-3.00000000,
,,,1.1260000E-3,-3.00000000,
,,,1.1269999E-3,-3.00000000,
,,,1.1279999E-3,-3.00000000,
,,,1.1289999E-3,-3.00000000,
,,,1.1299999E-3,-3.00000000,
,,,1.1309999E-3,-3.00000000,
,,,1.1319999E-3,-2.96000004,
,,,1.1329999E-3,-3.00000000,
,,,1.1339999E-3,-2.96000004,
,,,1.1349999E-3,-3.00000000,
,,,1.1359999E-3,-3.00000000,
,,,1.1369999E-3,-3.00000000,
,,,1.1379999E-3,-3.00000000,
,,,1.1389999E-3,-2.96000004,
,,,1.1399999E-3,-2.96000004,
,,,1.1410000E-3,-3.00000000,
,,,1.1419998E-3,-2.96000004,
,,,1.1429999E-3,-3.00000000,
,,,1.1439999E-3,-3.00000000,
,,,1.1449999E-3,-2.96000004,
,,,1.1459999E-3,-3.00000000,
,,,1.1469999E-3,-3.00000000,
,,,1.1479999E-3,-3.00000000,
,,,1.1489999E-3,-3.03999996,
,,,1.1499999E-3,-2.96000004,
,,,1.1509999E-3,-3.00000000,
,,,1.1519999E-3,-3.00000000,
,,,1.1529999E-3,-3.00000000,
,,,1.1539999E-3,-3.00000000,
,,,1.1549999E-3,-3.00000000,
,,,1.1560000E-3,-3.00000000,
,,,1.1570000E-3,-3.00000000,
,,,1.1579999E-3,-3.00000000,
,,,1.1589999E-3,-3.00000000,
,,,1.1599999E-3,-3.00000000,
,,,1.1609999E-3,-2.96000004,
,,,1.1619999E-3,-3.00000000,
,,,1.1629999E-3,-2.96000004,
,,,1.1639999E-3,-2.96000004,
,,,1.1649999E-3,-3.00000000,
,,,1.1659999E-3,-3.00000000,
,,,1.1669999E-3,-3.00000000,
,,,1.1679999E-3,-3.00000000,
,,,1.1689999E-3,-3.00000000,
,,,1.1699999E-3,-2.96000004,
,,,1.1710000E-3,-3.00000000,
,,,1.1720000E-3,-2.96000004,
,,,1.1729999E-3,-3.00000000,
,,,1.1739999E-3,-3.00000000,
,,,1.1749999E-3,-2.96000004,
,,,1.1759999E-3,-3.00000000,
,,,1.1769999E-3,-3.00000000,
,,,1.1779999E-3,-3.00000000,
,,,1.1789999E-3,-2.96000004,
,,,1.1799999E-3,-2.96000004,
,,,1.1809999E-3,-3.00000000,
,,,1.1819999E-3,-3.00000000,
,,,1.1829999E-3,-3.00000000,
,,,1.1839999E-3,-3.00000000,
,,,1.1849999E-3,-3.00000000,
,,,1.1860000E-3,-2.96000004,
,,,1.1870000E-3,-3.00000000,
,,,1.1879998E-3,-3.00000000,
,,,1.1889999E-3,-2.96000004,
,,,1.1899999E-3,-3.00000000,
,,,1.1909999E-3,-2.96000004,
,,,1.1919999E-3,-3.00000000,
,,,1.1929999E-3,-3.00000000,
,,,1.1939999E-3,-3.00000000,
,,,1.1949999E-3,-2.96000004,
,,,1.1959999E-3,-3.00000000,
,,,1.1969999E-3,-3.00000000,
,,,1.1979999E-3,-2.96000004,
,,,1.1989999E-3,-3.00000000,
,,,1.1999999E-3,2.96000004,
,,,1.2009999E-3,2.96000004,
,,,1.2020000E-3,3.00000000,
,,,1.2030000E-3,3.00000000,
,,,1.2039999E-3,3.00000000,
,,,1.2049999E-3,3.03999996,
,,,1.2059999E-3,3.03999996,
,,,1.2069999E-3,3.03999996,
,,,1.2079999E-3,3.03999996,
,,,1.2089999E-3,3.03999996,
,,,1.2099999E-3,3.07999992,
,,,1.2109999E-3,3.07999992,
,,,1.2119999E-3,3.07999992,
,,,1.2129999E-3,3.07999992,
,,,1.2139999E-3,3.07999992,
,,,1.2149999E-3,3.07999992,
,,,1.2159999E-3,3.07999992,
,,,1.2170000E-3,3.07999992,
,,,1.2180000E-3,3.07999992,
,,,1.2189999E-3,3.07999992,
,,,1.2199999E-3,3.07999992,
,,,1.2209999E-3,3.07999992,
,,,1.2219999E-3,3.07999992,
,,,1.2229999E-3,3.07999992,
,,,1.2239999E-3,3.07999992,
,,,1.2249999E-3,3.07999992,
,,,1.2259999E-3,3.07999992,
,,,1.2269999E-3,3.07999992,
,,,1.2279999E-3,3.11999989,
,,,1.2289999E-3,3.07999992,
,,,1.2299999E-3,3.11999989,
,,,1.2309999E-3,3.11999989,
,,,1.2320000E-3,3.11999989,
,,,1.2330000E-3,3.07999992,
,,,1.2339999E-3,3.07999992,
,,,1.2349999E-3,3.07999992,
,,,1.2359999E-3,3.11999989,
,,,1.2369999E-3,3.07999992,
,,,1.2379999E-3,3.07999992,
,,,1.2389999E-3,3.07999992,
,,,1.2399999E-3,3.11999989,
,,,1.2409999E-3,3.07999992,
,,,1.2419999E-3,3.07999992,
,,,1.2429999E-3,3.11999989,
,,,1.2439999E-3,3.11999989,
,,,1.2449999E-3,3.11999989,
,,,1.2459999E-3,3.11999989,
,,,1.2469999E-3,3.11999989,
,,,1.2480000E-3,3.07999992,
,,,1.2489998E-3,3.11999989,
